{
  "vtkClass": "vtkPolyData",
  "points": {
    "vtkClass": "vtkPoints",
    "name": "points",
    "numberOfComponents": 3,
    "dataType": "Float32Array",
    "ref": {
      "encode": "LittleEndian",
      "basepath": "../../data",
      "id": "Float32_6678-97500fe2b667797fef646fcbde632c77"
    },
    "size": 6678
  },
  "polys": {
    "vtkClass": "vtkCellArray",
    "name": "polys",
    "numberOfComponents": 1,
    "dataType": "Int32Array",
    "ref": {
      "encode": "LittleEndian",
      "basepath": "../../data",
      "id": "Int32_11201-d2cf9280343fe58c88430f2eafa3522d"
    },
    "size": 11201
  },
  "pointData": {
    "vtkClass": "vtkDataSetAttributes",
    "arrays": [
      {
        "data": {
          "vtkClass": "vtkDataArray",
          "name": "DISPL",
          "numberOfComponents": 3,
          "dataType": "Float64Array",
          "ref": {
            "encode": "LittleEndian",
            "basepath": "../../data",
            "id": "Float64_6678-5838a144f4d78d56b0e5a6694e2ce288"
          },
          "size": 6678
        }
      },
      {
        "data": {
          "vtkClass": "vtkDataArray",
          "name": "VEL",
          "numberOfComponents": 3,
          "dataType": "Float64Array",
          "ref": {
            "encode": "LittleEndian",
            "basepath": "../../data",
            "id": "Float64_6678-308c757d31c653ed1a18d36c59c99d09"
          },
          "size": 6678
        }
      },
      {
        "data": {
          "vtkClass": "vtkDataArray",
          "name": "ACCL",
          "numberOfComponents": 3,
          "dataType": "Float64Array",
          "ref": {
            "encode": "LittleEndian",
            "basepath": "../../data",
            "id": "Float64_6678-7bbb01291e20ed790956bbe06d55a213"
          },
          "size": 6678
        }
      },
      {
        "data": {
          "vtkClass": "vtkDataArray",
          "name": "vtkOriginalPointIds",
          "numberOfComponents": 1,
          "dataType": "Int32Array",
          "ref": {
            "encode": "LittleEndian",
            "basepath": "../../data",
            "id": "Int32_2226-c49439981e7a181f6116d3f0a6ec35b4"
          },
          "size": 2226
        }
      },
      {
        "data": {
          "vtkClass": "vtkDataArray",
          "name": "vtkCompositeIndex",
          "numberOfComponents": 1,
          "dataType": "Uint32Array",
          "ref": {
            "encode": "LittleEndian",
            "basepath": "../../data",
            "id": "Uint32_2226-01744710845c7024a9e9950330dcd9d9"
          },
          "size": 2226
        }
      }
    ],
    "activeTCoords": -1,
    "activeScalars": -1,
    "activeNormals": -1,
    "activeGlobalIds": -1,
    "activeTensors": -1,
    "activePedigreeIds": -1,
    "activeVectors": -1
  },
  "cellData": {
    "vtkClass": "vtkDataSetAttributes",
    "arrays": [
      {
        "data": {
          "vtkClass": "vtkDataArray",
          "name": "EQPS",
          "numberOfComponents": 1,
          "dataType": "Float64Array",
          "ref": {
            "encode": "LittleEndian",
            "basepath": "../../data",
            "id": "Float64_2251-e0fe4a29cc83b2f9eb46ab26cc79245c"
          },
          "size": 2251
        }
      },
      {
        "data": {
          "vtkClass": "vtkDataArray",
          "name": "ObjectId",
          "numberOfComponents": 1,
          "dataType": "Int32Array",
          "ref": {
            "encode": "LittleEndian",
            "basepath": "../../data",
            "id": "Int32_2251-c8870e060dd3c57c4110341ae53ec232"
          },
          "size": 2251
        }
      },
      {
        "data": {
          "vtkClass": "vtkDataArray",
          "name": "PedigreeElementId",
          "numberOfComponents": 1,
          "dataType": "Int32Array",
          "ref": {
            "encode": "LittleEndian",
            "basepath": "../../data",
            "id": "Int32_2251-33cf7a09eed76d5c1c097e15d664b351"
          },
          "size": 2251
        }
      },
      {
        "data": {
          "vtkClass": "vtkDataArray",
          "name": "vtkOriginalCellIds",
          "numberOfComponents": 1,
          "dataType": "Int32Array",
          "ref": {
            "encode": "LittleEndian",
            "basepath": "../../data",
            "id": "Int32_2251-ba30279b1b56f994c211280e838c176c"
          },
          "size": 2251
        }
      },
      {
        "data": {
          "vtkClass": "vtkDataArray",
          "name": "vtkCompositeIndex",
          "numberOfComponents": 1,
          "dataType": "Uint32Array",
          "ref": {
            "encode": "LittleEndian",
            "basepath": "../../data",
            "id": "Uint32_2251-c9dfb9ce3042792a0a75844d9f2cc36d"
          },
          "size": 2251
        }
      }
    ],
    "activeTCoords": -1,
    "activeScalars": -1,
    "activeNormals": -1,
    "activeGlobalIds": -1,
    "activeTensors": -1,
    "activePedigreeIds": 2,
    "activeVectors": -1
  }
}