{
  "vtkClass": "vtkPolyData",
  "points": {
    "vtkClass": "vtkPoints",
    "name": "points",
    "numberOfComponents": 3,
    "dataType": "Float32Array",
    "ref": {
      "encode": "LittleEndian",
      "basepath": "../../data",
      "id": "Float32_582741-e98201f60456476bda5699ae9b4e0706"
    },
    "size": 582741
  },
  "polys": {
    "vtkClass": "vtkCellArray",
    "name": "polys",
    "numberOfComponents": 1,
    "dataType": "Int32Array",
    "ref": {
      "encode": "LittleEndian",
      "basepath": "../../data",
      "id": "Int32_1008900-6a316525f0f1ef1028ee0d3aea4bbc0a"
    },
    "size": 1008900
  },
  "pointData": {
    "vtkClass": "vtkDataSetAttributes",
    "arrays": [
      {
        "data": {
          "vtkClass": "vtkDataArray",
          "name": "U",
          "numberOfComponents": 3,
          "dataType": "Float32Array",
          "ref": {
            "encode": "LittleEndian",
            "basepath": "../../data",
            "id": "Float32_582741-4fccd6b52d4c1e34174e1db16dc25f46"
          },
          "size": 582741
        }
      },
      {
        "data": {
          "vtkClass": "vtkDataArray",
          "name": "k",
          "numberOfComponents": 1,
          "dataType": "Float32Array",
          "ref": {
            "encode": "LittleEndian",
            "basepath": "../../data",
            "id": "Float32_194247-e550f9de089c4affad772fe0867f3af8"
          },
          "size": 194247
        }
      },
      {
        "data": {
          "vtkClass": "vtkDataArray",
          "name": "nut",
          "numberOfComponents": 1,
          "dataType": "Float32Array",
          "ref": {
            "encode": "LittleEndian",
            "basepath": "../../data",
            "id": "Float32_194247-d5880a1aac5dab230dae5ca44b57b942"
          },
          "size": 194247
        }
      },
      {
        "data": {
          "vtkClass": "vtkDataArray",
          "name": "omega",
          "numberOfComponents": 1,
          "dataType": "Float32Array",
          "ref": {
            "encode": "LittleEndian",
            "basepath": "../../data",
            "id": "Float32_194247-7a4333914ca5294157a87e444f4c963e"
          },
          "size": 194247
        }
      },
      {
        "data": {
          "vtkClass": "vtkDataArray",
          "name": "p",
          "numberOfComponents": 1,
          "dataType": "Float32Array",
          "ref": {
            "encode": "LittleEndian",
            "basepath": "../../data",
            "id": "Float32_194247-c31e532a846c6f87fc07adb356e82255"
          },
          "size": 194247
        }
      },
      {
        "data": {
          "vtkClass": "vtkDataArray",
          "name": "vtkOriginalPointIds",
          "numberOfComponents": 1,
          "dataType": "Int32Array",
          "ref": {
            "encode": "LittleEndian",
            "basepath": "../../data",
            "id": "Int32_194247-4ecd6845fb8bd55a78ecb6d6f16962e0"
          },
          "size": 194247
        }
      },
      {
        "data": {
          "vtkClass": "vtkDataArray",
          "name": "vtkCompositeIndex",
          "numberOfComponents": 1,
          "dataType": "Uint32Array",
          "ref": {
            "encode": "LittleEndian",
            "basepath": "../../data",
            "id": "Uint32_194247-84c8ff9e62ec2f40dece5271d19a45eb"
          },
          "size": 194247
        }
      }
    ],
    "activeTCoords": -1,
    "activeScalars": 4,
    "activeNormals": -1,
    "activeGlobalIds": -1,
    "activeTensors": -1,
    "activePedigreeIds": -1,
    "activeVectors": 0
  },
  "cellData": {
    "vtkClass": "vtkDataSetAttributes",
    "arrays": [
      {
        "data": {
          "vtkClass": "vtkDataArray",
          "name": "U",
          "numberOfComponents": 3,
          "dataType": "Float32Array",
          "ref": {
            "encode": "LittleEndian",
            "basepath": "../../data",
            "id": "Float32_608154-73b64e5650530280a7b46012111ea898"
          },
          "size": 608154
        }
      },
      {
        "data": {
          "vtkClass": "vtkDataArray",
          "name": "k",
          "numberOfComponents": 1,
          "dataType": "Float32Array",
          "ref": {
            "encode": "LittleEndian",
            "basepath": "../../data",
            "id": "Float32_202718-aa394797b5a595bca24648cf9dff81b2"
          },
          "size": 202718
        }
      },
      {
        "data": {
          "vtkClass": "vtkDataArray",
          "name": "nut",
          "numberOfComponents": 1,
          "dataType": "Float32Array",
          "ref": {
            "encode": "LittleEndian",
            "basepath": "../../data",
            "id": "Float32_202718-eef139ec7e90459ceccad01a27dda267"
          },
          "size": 202718
        }
      },
      {
        "data": {
          "vtkClass": "vtkDataArray",
          "name": "omega",
          "numberOfComponents": 1,
          "dataType": "Float32Array",
          "ref": {
            "encode": "LittleEndian",
            "basepath": "../../data",
            "id": "Float32_202718-4f214133bfb17fb447558b924e845e7b"
          },
          "size": 202718
        }
      },
      {
        "data": {
          "vtkClass": "vtkDataArray",
          "name": "p",
          "numberOfComponents": 1,
          "dataType": "Float32Array",
          "ref": {
            "encode": "LittleEndian",
            "basepath": "../../data",
            "id": "Float32_202718-8efe53bf0b61a66f2378fef7ee82edfe"
          },
          "size": 202718
        }
      },
      {
        "data": {
          "vtkClass": "vtkDataArray",
          "name": "vtkOriginalCellIds",
          "numberOfComponents": 1,
          "dataType": "Int32Array",
          "ref": {
            "encode": "LittleEndian",
            "basepath": "../../data",
            "id": "Int32_202718-ce54085532170e1ff395d83d4bd5af99"
          },
          "size": 202718
        }
      },
      {
        "data": {
          "vtkClass": "vtkDataArray",
          "name": "vtkCompositeIndex",
          "numberOfComponents": 1,
          "dataType": "Uint32Array",
          "ref": {
            "encode": "LittleEndian",
            "basepath": "../../data",
            "id": "Uint32_202718-d95763a8b17e7330e2e2f2885a34f275"
          },
          "size": 202718
        }
      }
    ],
    "activeTCoords": -1,
    "activeScalars": 4,
    "activeNormals": -1,
    "activeGlobalIds": -1,
    "activeTensors": -1,
    "activePedigreeIds": -1,
    "activeVectors": 0
  }
}