{
  "vtkClass": "vtkPolyData",
  "points": {
    "vtkClass": "vtkPoints",
    "name": "points",
    "numberOfComponents": 3,
    "dataType": "Float64Array",
    "ref": {
      "encode": "LittleEndian",
      "basepath": "../../data",
      "id": "Float64_11046-67fb2b23a157c415cd843bd6b8ebd348"
    },
    "size": 11046
  },
  "polys": {
    "vtkClass": "vtkCellArray",
    "name": "polys",
    "numberOfComponents": 1,
    "dataType": "Int32Array",
    "ref": {
      "encode": "LittleEndian",
      "basepath": "../../data",
      "id": "Int32_18400-9a5d911e7365ff308e5d198dafeedf5f"
    },
    "size": 18400
  },
  "pointData": {
    "vtkClass": "vtkDataSetAttributes",
    "arrays": [
      {
        "data": {
          "vtkClass": "vtkDataArray",
          "name": "ACCL",
          "numberOfComponents": 3,
          "dataType": "Float64Array",
          "ref": {
            "encode": "LittleEndian",
            "basepath": "../../data",
            "id": "Float64_11046-84a65800ea6de183f2e383e3908efdf0"
          },
          "size": 11046
        }
      },
      {
        "data": {
          "vtkClass": "vtkDataArray",
          "name": "DISPL",
          "numberOfComponents": 3,
          "dataType": "Float64Array",
          "ref": {
            "encode": "LittleEndian",
            "basepath": "../../data",
            "id": "Float64_11046-f1266faffb34091d711f2b3b546cb09a"
          },
          "size": 11046
        }
      },
      {
        "data": {
          "vtkClass": "vtkDataArray",
          "name": "VEL",
          "numberOfComponents": 3,
          "dataType": "Float64Array",
          "ref": {
            "encode": "LittleEndian",
            "basepath": "../../data",
            "id": "Float64_11046-d761641bfc01f5dd73391cdf4a2efe4e"
          },
          "size": 11046
        }
      },
      {
        "data": {
          "vtkClass": "vtkDataArray",
          "name": "ids",
          "numberOfComponents": 1,
          "dataType": "Int32Array",
          "ref": {
            "encode": "LittleEndian",
            "basepath": "../../data",
            "id": "Int32_3682-adceb81254e7f67ea03c91eb954f1781"
          },
          "size": 3682
        }
      },
      {
        "data": {
          "vtkClass": "vtkDataArray",
          "name": "vtkCompositeIndex",
          "numberOfComponents": 1,
          "dataType": "Uint32Array",
          "ref": {
            "encode": "LittleEndian",
            "basepath": "../../data",
            "id": "Uint32_3682-2e3d0f08aae454cea26fdb54eb5ccdf2"
          },
          "size": 3682
        }
      },
      {
        "data": {
          "vtkClass": "vtkDataArray",
          "name": "vtkOriginalPointIds",
          "numberOfComponents": 1,
          "dataType": "Int32Array",
          "ref": {
            "encode": "LittleEndian",
            "basepath": "../../data",
            "id": "Int32_3682-4f765583a8848303a12de12194a2f652"
          },
          "size": 3682
        }
      }
    ],
    "activeTCoords": -1,
    "activeScalars": -1,
    "activeNormals": -1,
    "activeGlobalIds": 3,
    "activeTensors": -1,
    "activePedigreeIds": -1,
    "activeVectors": -1
  },
  "cellData": {
    "vtkClass": "vtkDataSetAttributes",
    "arrays": [
      {
        "data": {
          "vtkClass": "vtkDataArray",
          "name": "EQPS",
          "numberOfComponents": 1,
          "dataType": "Float64Array",
          "ref": {
            "encode": "LittleEndian",
            "basepath": "../../data",
            "id": "Float64_3680-c29e725d05588813bd55fee376d3d6c1"
          },
          "size": 3680
        }
      },
      {
        "data": {
          "vtkClass": "vtkDataArray",
          "name": "ids",
          "numberOfComponents": 1,
          "dataType": "Int32Array",
          "ref": {
            "encode": "LittleEndian",
            "basepath": "../../data",
            "id": "Int32_3680-0bb932d534203a0d0cba11b0a5df97c0"
          },
          "size": 3680
        }
      },
      {
        "data": {
          "vtkClass": "vtkDataArray",
          "name": "object_id",
          "numberOfComponents": 1,
          "dataType": "Int32Array",
          "ref": {
            "encode": "LittleEndian",
            "basepath": "../../data",
            "id": "Int32_3680-729ed07f176e627b415734f9c74c1059"
          },
          "size": 3680
        }
      },
      {
        "data": {
          "vtkClass": "vtkDataArray",
          "name": "vtkCompositeIndex",
          "numberOfComponents": 1,
          "dataType": "Uint32Array",
          "ref": {
            "encode": "LittleEndian",
            "basepath": "../../data",
            "id": "Uint32_3680-fbf2b9d6b571906a7e529c48d5bbf46a"
          },
          "size": 3680
        }
      },
      {
        "data": {
          "vtkClass": "vtkDataArray",
          "name": "vtkOriginalCellIds",
          "numberOfComponents": 1,
          "dataType": "Int32Array",
          "ref": {
            "encode": "LittleEndian",
            "basepath": "../../data",
            "id": "Int32_3680-46c0e3a5af7da800841f0d13d4d00b67"
          },
          "size": 3680
        }
      }
    ],
    "activeTCoords": -1,
    "activeScalars": -1,
    "activeNormals": -1,
    "activeGlobalIds": 1,
    "activeTensors": -1,
    "activePedigreeIds": -1,
    "activeVectors": -1
  }
}