{
  "vtkClass": "vtkPolyData",
  "points": {
    "vtkClass": "vtkPoints",
    "name": "points",
    "numberOfComponents": 3,
    "dataType": "Float32Array",
    "ref": {
      "encode": "LittleEndian",
      "basepath": "../../data",
      "id": "Float32_170475-a096ebf203239019e913bb2958096732"
    },
    "size": 170475
  },
  "polys": {
    "vtkClass": "vtkCellArray",
    "name": "polys",
    "numberOfComponents": 1,
    "dataType": "Int32Array",
    "ref": {
      "encode": "LittleEndian",
      "basepath": "../../data",
      "id": "Int32_264293-75d0b6dbe370b31d1079b6f489f52cd0"
    },
    "size": 264293
  },
  "pointData": {
    "vtkClass": "vtkDataSetAttributes",
    "arrays": [
      {
        "data": {
          "vtkClass": "vtkDataArray",
          "name": "U",
          "numberOfComponents": 3,
          "dataType": "Float32Array",
          "ref": {
            "encode": "LittleEndian",
            "basepath": "../../data",
            "id": "Float32_170475-01436666db7074c8766d823e35acfde9"
          },
          "size": 170475
        }
      },
      {
        "data": {
          "vtkClass": "vtkDataArray",
          "name": "k",
          "numberOfComponents": 1,
          "dataType": "Float32Array",
          "ref": {
            "encode": "LittleEndian",
            "basepath": "../../data",
            "id": "Float32_56825-fd264c6dcb181733f0508dec76902007"
          },
          "size": 56825
        }
      },
      {
        "data": {
          "vtkClass": "vtkDataArray",
          "name": "nut",
          "numberOfComponents": 1,
          "dataType": "Float32Array",
          "ref": {
            "encode": "LittleEndian",
            "basepath": "../../data",
            "id": "Float32_56825-8f20da6a4756c99a1ac68bd4726c1587"
          },
          "size": 56825
        }
      },
      {
        "data": {
          "vtkClass": "vtkDataArray",
          "name": "omega",
          "numberOfComponents": 1,
          "dataType": "Float32Array",
          "ref": {
            "encode": "LittleEndian",
            "basepath": "../../data",
            "id": "Float32_56825-be6063fe552ecff54e6d214ad0b51840"
          },
          "size": 56825
        }
      },
      {
        "data": {
          "vtkClass": "vtkDataArray",
          "name": "p",
          "numberOfComponents": 1,
          "dataType": "Float32Array",
          "ref": {
            "encode": "LittleEndian",
            "basepath": "../../data",
            "id": "Float32_56825-68372b61921690ab293f4ea7000f9061"
          },
          "size": 56825
        }
      },
      {
        "data": {
          "vtkClass": "vtkDataArray",
          "name": "vtkOriginalPointIds",
          "numberOfComponents": 1,
          "dataType": "Int32Array",
          "ref": {
            "encode": "LittleEndian",
            "basepath": "../../data",
            "id": "Int32_56825-f2b7d853f39546a5ddd78344529a15a8"
          },
          "size": 56825
        }
      },
      {
        "data": {
          "vtkClass": "vtkDataArray",
          "name": "vtkCompositeIndex",
          "numberOfComponents": 1,
          "dataType": "Uint32Array",
          "ref": {
            "encode": "LittleEndian",
            "basepath": "../../data",
            "id": "Uint32_56825-6009ff179e738cc7235f67651f9e6cf7"
          },
          "size": 56825
        }
      }
    ],
    "activeTCoords": -1,
    "activeScalars": 4,
    "activeNormals": -1,
    "activeGlobalIds": -1,
    "activeTensors": -1,
    "activePedigreeIds": -1,
    "activeVectors": 0
  },
  "cellData": {
    "vtkClass": "vtkDataSetAttributes",
    "arrays": [
      {
        "data": {
          "vtkClass": "vtkDataArray",
          "name": "U",
          "numberOfComponents": 3,
          "dataType": "Float32Array",
          "ref": {
            "encode": "LittleEndian",
            "basepath": "../../data",
            "id": "Float32_150363-1689ccd0c144a46d368b1af396c8f216"
          },
          "size": 150363
        }
      },
      {
        "data": {
          "vtkClass": "vtkDataArray",
          "name": "k",
          "numberOfComponents": 1,
          "dataType": "Float32Array",
          "ref": {
            "encode": "LittleEndian",
            "basepath": "../../data",
            "id": "Float32_50121-2a41cdffa86eed8d0940cc6d2a21f7d5"
          },
          "size": 50121
        }
      },
      {
        "data": {
          "vtkClass": "vtkDataArray",
          "name": "nut",
          "numberOfComponents": 1,
          "dataType": "Float32Array",
          "ref": {
            "encode": "LittleEndian",
            "basepath": "../../data",
            "id": "Float32_50121-f7984cedea98346237362bbfe7869bac"
          },
          "size": 50121
        }
      },
      {
        "data": {
          "vtkClass": "vtkDataArray",
          "name": "omega",
          "numberOfComponents": 1,
          "dataType": "Float32Array",
          "ref": {
            "encode": "LittleEndian",
            "basepath": "../../data",
            "id": "Float32_50121-e9ed21ba84c7c1e576ea709ffc1bf52a"
          },
          "size": 50121
        }
      },
      {
        "data": {
          "vtkClass": "vtkDataArray",
          "name": "p",
          "numberOfComponents": 1,
          "dataType": "Float32Array",
          "ref": {
            "encode": "LittleEndian",
            "basepath": "../../data",
            "id": "Float32_50121-6eda04d671cfe1a8acac50b23a7d9465"
          },
          "size": 50121
        }
      },
      {
        "data": {
          "vtkClass": "vtkDataArray",
          "name": "vtkOriginalCellIds",
          "numberOfComponents": 1,
          "dataType": "Int32Array",
          "ref": {
            "encode": "LittleEndian",
            "basepath": "../../data",
            "id": "Int32_50121-e5c0a35701bc463c437a33df2bef2bc8"
          },
          "size": 50121
        }
      },
      {
        "data": {
          "vtkClass": "vtkDataArray",
          "name": "vtkCompositeIndex",
          "numberOfComponents": 1,
          "dataType": "Uint32Array",
          "ref": {
            "encode": "LittleEndian",
            "basepath": "../../data",
            "id": "Uint32_50121-b24e98ecc513e88f0edb368ab5c8efa8"
          },
          "size": 50121
        }
      }
    ],
    "activeTCoords": -1,
    "activeScalars": 4,
    "activeNormals": -1,
    "activeGlobalIds": -1,
    "activeTensors": -1,
    "activePedigreeIds": -1,
    "activeVectors": 0
  }
}