{
  "series": [
    {
      "url": "0",
      "timeStep": 0.0
    },
    {
      "url": "1",
      "timeStep": 0.000100074
    },
    {
      "url": "2",
      "timeStep": 0.000199905
    },
    {
      "url": "3",
      "timeStep": 0.000299964
    },
    {
      "url": "4",
      "timeStep": 0.000400087
    },
    {
      "url": "5",
      "timeStep": 0.000499919
    },
    {
      "url": "6",
      "timeStep": 0.000599935
    },
    {
      "url": "7",
      "timeStep": 0.000700049
    },
    {
      "url": "8",
      "timeStep": 0.000800035
    },
    {
      "url": "9",
      "timeStep": 0.000900061
    },
    {
      "url": "10",
      "timeStep": 0.00100001
    },
    {
      "url": "11",
      "timeStep": 0.00109998
    },
    {
      "url": "12",
      "timeStep": 0.00119993
    },
    {
      "url": "13",
      "timeStep": 0.00129999
    },
    {
      "url": "14",
      "timeStep": 0.00140009
    },
    {
      "url": "15",
      "timeStep": 0.00150004
    },
    {
      "url": "16",
      "timeStep": 0.00159992
    },
    {
      "url": "17",
      "timeStep": 0.0017
    },
    {
      "url": "18",
      "timeStep": 0.00180007
    },
    {
      "url": "19",
      "timeStep": 0.00190002
    },
    {
      "url": "20",
      "timeStep": 0.00199999
    },
    {
      "url": "21",
      "timeStep": 0.00209993
    },
    {
      "url": "22",
      "timeStep": 0.00219992
    },
    {
      "url": "23",
      "timeStep": 0.00229999
    },
    {
      "url": "24",
      "timeStep": 0.00240005
    },
    {
      "url": "25",
      "timeStep": 0.00249994
    },
    {
      "url": "26",
      "timeStep": 0.00259992
    },
    {
      "url": "27",
      "timeStep": 0.00269998
    },
    {
      "url": "28",
      "timeStep": 0.0028
    },
    {
      "url": "29",
      "timeStep": 0.00289991
    },
    {
      "url": "30",
      "timeStep": 0.00300002
    },
    {
      "url": "31",
      "timeStep": 0.00309998
    },
    {
      "url": "32",
      "timeStep": 0.00319999
    },
    {
      "url": "33",
      "timeStep": 0.00329994
    },
    {
      "url": "34",
      "timeStep": 0.00340002
    },
    {
      "url": "35",
      "timeStep": 0.00349997
    },
    {
      "url": "36",
      "timeStep": 0.00359999
    },
    {
      "url": "37",
      "timeStep": 0.00369996
    },
    {
      "url": "38",
      "timeStep": 0.00379999
    },
    {
      "url": "39",
      "timeStep": 0.00389998
    },
    {
      "url": "40",
      "timeStep": 0.00399999
    },
    {
      "url": "41",
      "timeStep": 0.00410001
    },
    {
      "url": "42",
      "timeStep": 0.00419997
    },
    {
      "url": "43",
      "timeStep": 0.00429999
    }
  ]
}