{
  "vtkClass": "vtkPolyData",
  "points": {
    "vtkClass": "vtkPoints",
    "name": "points",
    "numberOfComponents": 3,
    "dataType": "Float32Array",
    "ref": {
      "encode": "LittleEndian",
      "basepath": "../../data",
      "id": "Float32_3462-93d03bf139c79112c39b7086c4c672a4"
    },
    "size": 3462
  },
  "polys": {
    "vtkClass": "vtkCellArray",
    "name": "polys",
    "numberOfComponents": 1,
    "dataType": "Int32Array",
    "ref": {
      "encode": "LittleEndian",
      "basepath": "../../data",
      "id": "Int32_5811-37414017b4aa98d929250a891637d0f9"
    },
    "size": 5811
  },
  "pointData": {
    "vtkClass": "vtkDataSetAttributes",
    "arrays": [
      {
        "data": {
          "vtkClass": "vtkDataArray",
          "name": "DISPL",
          "numberOfComponents": 3,
          "dataType": "Float64Array",
          "ref": {
            "encode": "LittleEndian",
            "basepath": "../../data",
            "id": "Float64_3462-87981c296853e1c50e156524898426cd"
          },
          "size": 3462
        }
      },
      {
        "data": {
          "vtkClass": "vtkDataArray",
          "name": "VEL",
          "numberOfComponents": 3,
          "dataType": "Float64Array",
          "ref": {
            "encode": "LittleEndian",
            "basepath": "../../data",
            "id": "Float64_3462-d90e6a90fcee38cb575add899dd07d4f"
          },
          "size": 3462
        }
      },
      {
        "data": {
          "vtkClass": "vtkDataArray",
          "name": "ACCL",
          "numberOfComponents": 3,
          "dataType": "Float64Array",
          "ref": {
            "encode": "LittleEndian",
            "basepath": "../../data",
            "id": "Float64_3462-2c4f4eff35acbd2071af83ef1feeee5d"
          },
          "size": 3462
        }
      },
      {
        "data": {
          "vtkClass": "vtkDataArray",
          "name": "vtkOriginalPointIds",
          "numberOfComponents": 1,
          "dataType": "Int32Array",
          "ref": {
            "encode": "LittleEndian",
            "basepath": "../../data",
            "id": "Int32_1154-4dde06628eb7400c14b1c35e5a032c5f"
          },
          "size": 1154
        }
      },
      {
        "data": {
          "vtkClass": "vtkDataArray",
          "name": "vtkCompositeIndex",
          "numberOfComponents": 1,
          "dataType": "Uint32Array",
          "ref": {
            "encode": "LittleEndian",
            "basepath": "../../data",
            "id": "Uint32_1154-e4df4260f316fe4562104f4faaf137f1"
          },
          "size": 1154
        }
      }
    ],
    "activeTCoords": -1,
    "activeScalars": -1,
    "activeNormals": -1,
    "activeGlobalIds": -1,
    "activeTensors": -1,
    "activePedigreeIds": -1,
    "activeVectors": -1
  },
  "cellData": {
    "vtkClass": "vtkDataSetAttributes",
    "arrays": [
      {
        "data": {
          "vtkClass": "vtkDataArray",
          "name": "EQPS",
          "numberOfComponents": 1,
          "dataType": "Float64Array",
          "ref": {
            "encode": "LittleEndian",
            "basepath": "../../data",
            "id": "Float64_1169-03928c4282a5637d43868c9d7655074d"
          },
          "size": 1169
        }
      },
      {
        "data": {
          "vtkClass": "vtkDataArray",
          "name": "ObjectId",
          "numberOfComponents": 1,
          "dataType": "Int32Array",
          "ref": {
            "encode": "LittleEndian",
            "basepath": "../../data",
            "id": "Int32_1169-8f4df9c18f18fe41d0a2934fd45a2bfd"
          },
          "size": 1169
        }
      },
      {
        "data": {
          "vtkClass": "vtkDataArray",
          "name": "PedigreeElementId",
          "numberOfComponents": 1,
          "dataType": "Int32Array",
          "ref": {
            "encode": "LittleEndian",
            "basepath": "../../data",
            "id": "Int32_1169-332214f673494c30c80482156364241b"
          },
          "size": 1169
        }
      },
      {
        "data": {
          "vtkClass": "vtkDataArray",
          "name": "vtkOriginalCellIds",
          "numberOfComponents": 1,
          "dataType": "Int32Array",
          "ref": {
            "encode": "LittleEndian",
            "basepath": "../../data",
            "id": "Int32_1169-34f9e346a1730ae4da1b37567bd4d3d8"
          },
          "size": 1169
        }
      },
      {
        "data": {
          "vtkClass": "vtkDataArray",
          "name": "vtkCompositeIndex",
          "numberOfComponents": 1,
          "dataType": "Uint32Array",
          "ref": {
            "encode": "LittleEndian",
            "basepath": "../../data",
            "id": "Uint32_1169-649ca61083a2e38e5e1332604730b27b"
          },
          "size": 1169
        }
      }
    ],
    "activeTCoords": -1,
    "activeScalars": -1,
    "activeNormals": -1,
    "activeGlobalIds": -1,
    "activeTensors": -1,
    "activePedigreeIds": 2,
    "activeVectors": -1
  }
}