{
  "vtkClass": "vtkPolyData",
  "points": {
    "vtkClass": "vtkPoints",
    "name": "points",
    "numberOfComponents": 3,
    "dataType": "Float32Array",
    "ref": {
      "encode": "LittleEndian",
      "basepath": "../../data",
      "id": "Float32_125646-d0a52c1cb9fc91dd25a7c4ea9842bb6a"
    },
    "size": 125646
  },
  "lines": {
    "vtkClass": "vtkCellArray",
    "name": "lines",
    "numberOfComponents": 1,
    "dataType": "Int32Array",
    "ref": {
      "encode": "LittleEndian",
      "basepath": "../../data",
      "id": "Int32_42820-bca2da725443176d9937ee4c0f69c56d"
    },
    "size": 42820
  },
  "pointData": {
    "vtkClass": "vtkDataSetAttributes",
    "arrays": [
      {
        "data": {
          "vtkClass": "vtkDataArray",
          "name": "Temp",
          "numberOfComponents": 1,
          "dataType": "Float64Array",
          "ref": {
            "encode": "LittleEndian",
            "basepath": "../../data",
            "id": "Float64_41882-ce609a87f34dba903d9b75bb678848d7"
          },
          "size": 41882
        }
      },
      {
        "data": {
          "vtkClass": "vtkDataArray",
          "name": "V",
          "numberOfComponents": 3,
          "dataType": "Float64Array",
          "ref": {
            "encode": "LittleEndian",
            "basepath": "../../data",
            "id": "Float64_125646-a3cf9256bc3a1b95ff57eed0441bec19"
          },
          "size": 125646
        }
      },
      {
        "data": {
          "vtkClass": "vtkDataArray",
          "name": "IntegrationTime",
          "numberOfComponents": 1,
          "dataType": "Float64Array",
          "ref": {
            "encode": "LittleEndian",
            "basepath": "../../data",
            "id": "Float64_41882-2bacd9895e769577a8c956c6daa4383b"
          },
          "size": 41882
        }
      },
      {
        "data": {
          "vtkClass": "vtkDataArray",
          "name": "Vorticity",
          "numberOfComponents": 3,
          "dataType": "Float64Array",
          "ref": {
            "encode": "LittleEndian",
            "basepath": "../../data",
            "id": "Float64_125646-0aa42bce8bd3c47d8a0a69d93b7c0100"
          },
          "size": 125646
        }
      },
      {
        "data": {
          "vtkClass": "vtkDataArray",
          "name": "Rotation",
          "numberOfComponents": 1,
          "dataType": "Float64Array",
          "ref": {
            "encode": "LittleEndian",
            "basepath": "../../data",
            "id": "Float64_41882-8d5b8624d2ae8e2879aca2cba271918b"
          },
          "size": 41882
        }
      },
      {
        "data": {
          "vtkClass": "vtkDataArray",
          "name": "AngularVelocity",
          "numberOfComponents": 1,
          "dataType": "Float64Array",
          "ref": {
            "encode": "LittleEndian",
            "basepath": "../../data",
            "id": "Float64_41882-cd70369a0d7d69b00212da62627f628a"
          },
          "size": 41882
        }
      },
      {
        "data": {
          "vtkClass": "vtkDataArray",
          "name": "Normals",
          "numberOfComponents": 3,
          "dataType": "Float64Array",
          "ref": {
            "encode": "LittleEndian",
            "basepath": "../../data",
            "id": "Float64_125646-cbcc98a6d4e3c00686ead88961c375b7"
          },
          "size": 125646
        }
      },
      {
        "data": {
          "vtkClass": "vtkDataArray",
          "name": "vtkOriginalPointIds",
          "numberOfComponents": 1,
          "dataType": "Int32Array",
          "ref": {
            "encode": "LittleEndian",
            "basepath": "../../data",
            "id": "Int32_41882-b97e40eacd809a131744975f848cf732"
          },
          "size": 41882
        }
      }
    ],
    "activeTCoords": -1,
    "activeScalars": -1,
    "activeNormals": -1,
    "activeGlobalIds": -1,
    "activeTensors": -1,
    "activePedigreeIds": -1,
    "activeVectors": 6
  },
  "cellData": {
    "vtkClass": "vtkDataSetAttributes",
    "arrays": [
      {
        "data": {
          "vtkClass": "vtkDataArray",
          "name": "ReasonForTermination",
          "numberOfComponents": 1,
          "dataType": "Int32Array",
          "ref": {
            "encode": "LittleEndian",
            "basepath": "../../data",
            "id": "Int32_944-576cfddfeb286afaa18f6ceb57ba7852"
          },
          "size": 944
        }
      },
      {
        "data": {
          "vtkClass": "vtkDataArray",
          "name": "SeedIds",
          "numberOfComponents": 1,
          "dataType": "Int32Array",
          "ref": {
            "encode": "LittleEndian",
            "basepath": "../../data",
            "id": "Int32_944-d16d193b8ed0089e2aab80fb63820c9c"
          },
          "size": 944
        }
      },
      {
        "data": {
          "vtkClass": "vtkDataArray",
          "name": "vtkOriginalCellIds",
          "numberOfComponents": 1,
          "dataType": "Int32Array",
          "ref": {
            "encode": "LittleEndian",
            "basepath": "../../data",
            "id": "Int32_944-9f50e5ff251b77bb00918e1ff5d38a89"
          },
          "size": 944
        }
      }
    ],
    "activeTCoords": -1,
    "activeScalars": -1,
    "activeNormals": -1,
    "activeGlobalIds": -1,
    "activeTensors": -1,
    "activePedigreeIds": -1,
    "activeVectors": -1
  }
}