{
  "vtkClass": "vtkPolyData",
  "points": {
    "vtkClass": "vtkPoints",
    "name": "points",
    "numberOfComponents": 3,
    "dataType": "Float32Array",
    "ref": {
      "encode": "LittleEndian",
      "basepath": "../../data",
      "id": "Float32_438771-1478cd9b1276248f984a639381bb1c94"
    },
    "size": 438771
  },
  "polys": {
    "vtkClass": "vtkCellArray",
    "name": "polys",
    "numberOfComponents": 1,
    "dataType": "Int32Array",
    "ref": {
      "encode": "LittleEndian",
      "basepath": "../../data",
      "id": "Int32_745696-d90e8810cb1f066b20407131fa915d00"
    },
    "size": 745696
  },
  "pointData": {
    "vtkClass": "vtkDataSetAttributes",
    "arrays": [
      {
        "data": {
          "vtkClass": "vtkDataArray",
          "name": "cellLevel",
          "numberOfComponents": 1,
          "dataType": "Float32Array",
          "ref": {
            "encode": "LittleEndian",
            "basepath": "../../data",
            "id": "Float32_146257-cc828ba21349b5aa93a4eddb4bcb586b"
          },
          "size": 146257
        }
      },
      {
        "data": {
          "vtkClass": "vtkDataArray",
          "name": "pointLevel",
          "numberOfComponents": 1,
          "dataType": "Float32Array",
          "ref": {
            "encode": "LittleEndian",
            "basepath": "../../data",
            "id": "Float32_146257-79bb479bdab2172119af7d4507cf99e3"
          },
          "size": 146257
        }
      },
      {
        "data": {
          "vtkClass": "vtkDataArray",
          "name": "vtkOriginalPointIds",
          "numberOfComponents": 1,
          "dataType": "Int32Array",
          "ref": {
            "encode": "LittleEndian",
            "basepath": "../../data",
            "id": "Int32_146257-c9818a2917a955eda8a0723a29db9032"
          },
          "size": 146257
        }
      },
      {
        "data": {
          "vtkClass": "vtkDataArray",
          "name": "vtkCompositeIndex",
          "numberOfComponents": 1,
          "dataType": "Uint32Array",
          "ref": {
            "encode": "LittleEndian",
            "basepath": "../../data",
            "id": "Uint32_146257-375ddc0ce359705b5e038981f36bdd01"
          },
          "size": 146257
        }
      }
    ],
    "activeTCoords": -1,
    "activeScalars": -1,
    "activeNormals": -1,
    "activeGlobalIds": -1,
    "activeTensors": -1,
    "activePedigreeIds": -1,
    "activeVectors": -1
  },
  "cellData": {
    "vtkClass": "vtkDataSetAttributes",
    "arrays": [
      {
        "data": {
          "vtkClass": "vtkDataArray",
          "name": "cellLevel",
          "numberOfComponents": 1,
          "dataType": "Float32Array",
          "ref": {
            "encode": "LittleEndian",
            "basepath": "../../data",
            "id": "Float32_148924-8386940ea06e9aff46b8882691412d7e"
          },
          "size": 148924
        }
      },
      {
        "data": {
          "vtkClass": "vtkDataArray",
          "name": "vtkOriginalCellIds",
          "numberOfComponents": 1,
          "dataType": "Int32Array",
          "ref": {
            "encode": "LittleEndian",
            "basepath": "../../data",
            "id": "Int32_148924-e6ad4cbde744b726811ccb1b4993f42e"
          },
          "size": 148924
        }
      },
      {
        "data": {
          "vtkClass": "vtkDataArray",
          "name": "vtkCompositeIndex",
          "numberOfComponents": 1,
          "dataType": "Uint32Array",
          "ref": {
            "encode": "LittleEndian",
            "basepath": "../../data",
            "id": "Uint32_148924-22b732fd6f3f8dbb6001e6e284afed41"
          },
          "size": 148924
        }
      }
    ],
    "activeTCoords": -1,
    "activeScalars": -1,
    "activeNormals": -1,
    "activeGlobalIds": -1,
    "activeTensors": -1,
    "activePedigreeIds": -1,
    "activeVectors": -1
  }
}