{
  "vtkClass": "vtkPolyData",
  "points": {
    "vtkClass": "vtkPoints",
    "name": "points",
    "numberOfComponents": 3,
    "dataType": "Float32Array",
    "ref": {
      "encode": "LittleEndian",
      "basepath": "../../data",
      "id": "Float32_5562-1ca1801a3909d4c954d09e54f752f07c"
    },
    "size": 5562
  },
  "polys": {
    "vtkClass": "vtkCellArray",
    "name": "polys",
    "numberOfComponents": 1,
    "dataType": "Int32Array",
    "ref": {
      "encode": "LittleEndian",
      "basepath": "../../data",
      "id": "Int32_9323-5ac7522bb7fe582b623804a6fbd7b879"
    },
    "size": 9323
  },
  "pointData": {
    "vtkClass": "vtkDataSetAttributes",
    "arrays": [
      {
        "data": {
          "vtkClass": "vtkDataArray",
          "name": "DISPL",
          "numberOfComponents": 3,
          "dataType": "Float64Array",
          "ref": {
            "encode": "LittleEndian",
            "basepath": "../../data",
            "id": "Float64_5562-8c92ddc99ed635f1085cdb8b69d62293"
          },
          "size": 5562
        }
      },
      {
        "data": {
          "vtkClass": "vtkDataArray",
          "name": "VEL",
          "numberOfComponents": 3,
          "dataType": "Float64Array",
          "ref": {
            "encode": "LittleEndian",
            "basepath": "../../data",
            "id": "Float64_5562-9e485cb853d3e0c5c1771f7dd1135139"
          },
          "size": 5562
        }
      },
      {
        "data": {
          "vtkClass": "vtkDataArray",
          "name": "ACCL",
          "numberOfComponents": 3,
          "dataType": "Float64Array",
          "ref": {
            "encode": "LittleEndian",
            "basepath": "../../data",
            "id": "Float64_5562-6ab5a9d37a63ae4d957dbeb6c3b850ac"
          },
          "size": 5562
        }
      },
      {
        "data": {
          "vtkClass": "vtkDataArray",
          "name": "vtkOriginalPointIds",
          "numberOfComponents": 1,
          "dataType": "Int32Array",
          "ref": {
            "encode": "LittleEndian",
            "basepath": "../../data",
            "id": "Int32_1854-606002ab1599b9e28ef2f20993b0f73b"
          },
          "size": 1854
        }
      },
      {
        "data": {
          "vtkClass": "vtkDataArray",
          "name": "vtkCompositeIndex",
          "numberOfComponents": 1,
          "dataType": "Uint32Array",
          "ref": {
            "encode": "LittleEndian",
            "basepath": "../../data",
            "id": "Uint32_1854-66fcc70aa751f2d6ed4f83f79a3a09f8"
          },
          "size": 1854
        }
      }
    ],
    "activeTCoords": -1,
    "activeScalars": -1,
    "activeNormals": -1,
    "activeGlobalIds": -1,
    "activeTensors": -1,
    "activePedigreeIds": -1,
    "activeVectors": -1
  },
  "cellData": {
    "vtkClass": "vtkDataSetAttributes",
    "arrays": [
      {
        "data": {
          "vtkClass": "vtkDataArray",
          "name": "EQPS",
          "numberOfComponents": 1,
          "dataType": "Float64Array",
          "ref": {
            "encode": "LittleEndian",
            "basepath": "../../data",
            "id": "Float64_1873-6e97b73da947a1d0c2164b92257618f5"
          },
          "size": 1873
        }
      },
      {
        "data": {
          "vtkClass": "vtkDataArray",
          "name": "ObjectId",
          "numberOfComponents": 1,
          "dataType": "Int32Array",
          "ref": {
            "encode": "LittleEndian",
            "basepath": "../../data",
            "id": "Int32_1873-b12948fea7ad504fe59cb499c9e21f9b"
          },
          "size": 1873
        }
      },
      {
        "data": {
          "vtkClass": "vtkDataArray",
          "name": "PedigreeElementId",
          "numberOfComponents": 1,
          "dataType": "Int32Array",
          "ref": {
            "encode": "LittleEndian",
            "basepath": "../../data",
            "id": "Int32_1873-b60f5a6ed0207cac938d35d3863867d8"
          },
          "size": 1873
        }
      },
      {
        "data": {
          "vtkClass": "vtkDataArray",
          "name": "vtkOriginalCellIds",
          "numberOfComponents": 1,
          "dataType": "Int32Array",
          "ref": {
            "encode": "LittleEndian",
            "basepath": "../../data",
            "id": "Int32_1873-42397013706bfca9f40f8209a92fb626"
          },
          "size": 1873
        }
      },
      {
        "data": {
          "vtkClass": "vtkDataArray",
          "name": "vtkCompositeIndex",
          "numberOfComponents": 1,
          "dataType": "Uint32Array",
          "ref": {
            "encode": "LittleEndian",
            "basepath": "../../data",
            "id": "Uint32_1873-e4bfb2eb43ed6413fa0bad465f109f53"
          },
          "size": 1873
        }
      }
    ],
    "activeTCoords": -1,
    "activeScalars": -1,
    "activeNormals": -1,
    "activeGlobalIds": -1,
    "activeTensors": -1,
    "activePedigreeIds": 2,
    "activeVectors": -1
  }
}