{
  "vtkClass": "vtkPolyData",
  "points": {
    "vtkClass": "vtkPoints",
    "name": "points",
    "numberOfComponents": 3,
    "dataType": "Float32Array",
    "ref": {
      "encode": "LittleEndian",
      "basepath": "../../data",
      "id": "Float32_125646-11acc2c41623203a827f478639da91eb"
    },
    "size": 125646
  },
  "lines": {
    "vtkClass": "vtkCellArray",
    "name": "lines",
    "numberOfComponents": 1,
    "dataType": "Int32Array",
    "ref": {
      "encode": "LittleEndian",
      "basepath": "../../data",
      "id": "Int32_42820-bca2da725443176d9937ee4c0f69c56d"
    },
    "size": 42820
  },
  "pointData": {
    "vtkClass": "vtkDataSetAttributes",
    "arrays": [
      {
        "data": {
          "vtkClass": "vtkDataArray",
          "name": "Temp",
          "numberOfComponents": 1,
          "dataType": "Float64Array",
          "ref": {
            "encode": "LittleEndian",
            "basepath": "../../data",
            "id": "Float64_41882-b0bcaabef5904e4c552c443e0b977417"
          },
          "size": 41882
        }
      },
      {
        "data": {
          "vtkClass": "vtkDataArray",
          "name": "V",
          "numberOfComponents": 3,
          "dataType": "Float64Array",
          "ref": {
            "encode": "LittleEndian",
            "basepath": "../../data",
            "id": "Float64_125646-e6d63b156a65c42fdd2fa94502e80a8d"
          },
          "size": 125646
        }
      },
      {
        "data": {
          "vtkClass": "vtkDataArray",
          "name": "IntegrationTime",
          "numberOfComponents": 1,
          "dataType": "Float64Array",
          "ref": {
            "encode": "LittleEndian",
            "basepath": "../../data",
            "id": "Float64_41882-94c1a1c16e605c64189bb3f9486f6a73"
          },
          "size": 41882
        }
      },
      {
        "data": {
          "vtkClass": "vtkDataArray",
          "name": "Vorticity",
          "numberOfComponents": 3,
          "dataType": "Float64Array",
          "ref": {
            "encode": "LittleEndian",
            "basepath": "../../data",
            "id": "Float64_125646-3785c119708e2c1e92010a54b1f6d98f"
          },
          "size": 125646
        }
      },
      {
        "data": {
          "vtkClass": "vtkDataArray",
          "name": "Rotation",
          "numberOfComponents": 1,
          "dataType": "Float64Array",
          "ref": {
            "encode": "LittleEndian",
            "basepath": "../../data",
            "id": "Float64_41882-986896d20c8310d69ac79a17af3b0c8d"
          },
          "size": 41882
        }
      },
      {
        "data": {
          "vtkClass": "vtkDataArray",
          "name": "AngularVelocity",
          "numberOfComponents": 1,
          "dataType": "Float64Array",
          "ref": {
            "encode": "LittleEndian",
            "basepath": "../../data",
            "id": "Float64_41882-14bf73bbc42621e039275e42533f7b69"
          },
          "size": 41882
        }
      },
      {
        "data": {
          "vtkClass": "vtkDataArray",
          "name": "Normals",
          "numberOfComponents": 3,
          "dataType": "Float64Array",
          "ref": {
            "encode": "LittleEndian",
            "basepath": "../../data",
            "id": "Float64_125646-073dc35c8ed5a18194bf67a0496d5dfa"
          },
          "size": 125646
        }
      },
      {
        "data": {
          "vtkClass": "vtkDataArray",
          "name": "vtkOriginalPointIds",
          "numberOfComponents": 1,
          "dataType": "Int32Array",
          "ref": {
            "encode": "LittleEndian",
            "basepath": "../../data",
            "id": "Int32_41882-b97e40eacd809a131744975f848cf732"
          },
          "size": 41882
        }
      }
    ],
    "activeTCoords": -1,
    "activeScalars": -1,
    "activeNormals": -1,
    "activeGlobalIds": -1,
    "activeTensors": -1,
    "activePedigreeIds": -1,
    "activeVectors": 6
  },
  "cellData": {
    "vtkClass": "vtkDataSetAttributes",
    "arrays": [
      {
        "data": {
          "vtkClass": "vtkDataArray",
          "name": "ReasonForTermination",
          "numberOfComponents": 1,
          "dataType": "Int32Array",
          "ref": {
            "encode": "LittleEndian",
            "basepath": "../../data",
            "id": "Int32_944-576cfddfeb286afaa18f6ceb57ba7852"
          },
          "size": 944
        }
      },
      {
        "data": {
          "vtkClass": "vtkDataArray",
          "name": "SeedIds",
          "numberOfComponents": 1,
          "dataType": "Int32Array",
          "ref": {
            "encode": "LittleEndian",
            "basepath": "../../data",
            "id": "Int32_944-d16d193b8ed0089e2aab80fb63820c9c"
          },
          "size": 944
        }
      },
      {
        "data": {
          "vtkClass": "vtkDataArray",
          "name": "vtkOriginalCellIds",
          "numberOfComponents": 1,
          "dataType": "Int32Array",
          "ref": {
            "encode": "LittleEndian",
            "basepath": "../../data",
            "id": "Int32_944-9f50e5ff251b77bb00918e1ff5d38a89"
          },
          "size": 944
        }
      }
    ],
    "activeTCoords": -1,
    "activeScalars": -1,
    "activeNormals": -1,
    "activeGlobalIds": -1,
    "activeTensors": -1,
    "activePedigreeIds": -1,
    "activeVectors": -1
  }
}