{
  "version": 1.0,
  "background": [
    0.32,
    0.34,
    0.43
  ],
  "camera": {
    "focalPoint": [
      -6.22512,
      12.6818,
      5.66925
    ],
    "position": [
      -16.7623,
      32.7916,
      15.1268
    ],
    "viewUp": [
      -0.177569,
      -0.493475,
      0.851441
    ]
  },
  "centerOfRotation": [
    -6.22512,
    12.6818,
    5.66925
  ],
  "scene": [
    {
      "name": "motorbike8.foam",
      "actor": {
        "origin": [
          0,
          0,
          0
        ],
        "scale": [
          5,
          2,
          2
        ],
        "position": [
          5,
          0,
          4
        ]
      },
      "actorRotation": [
        0,
        0,
        0,
        1
      ],
      "mapper": {
        "colorByArrayName": "",
        "colorMode": 0,
        "scalarMode": 0
      },
      "property": {
        "representation": 2,
        "edgeVisibility": 0,
        "diffuseColor": [
          1,
          1,
          1
        ],
        "pointSize": 1,
        "opacity": 1
      },
      "id": "motorbike8.foam",
      "type": "vtkHttpDataSetSeriesReader",
      "vtkHttpDataSetSeriesReader": {
        "url": "0"
      }
    },
    {
      "name": "Clip1",
      "actor": {
        "origin": [
          0,
          0,
          0
        ],
        "scale": [
          1,
          1,
          1
        ],
        "position": [
          0,
          0,
          0
        ]
      },
      "actorRotation": [
        0,
        0,
        0,
        1
      ],
      "mapper": {
        "colorByArrayName": "U",
        "colorMode": 1,
        "scalarMode": 3
      },
      "property": {
        "representation": 2,
        "edgeVisibility": 0,
        "diffuseColor": [
          1,
          1,
          1
        ],
        "pointSize": 2,
        "opacity": 0.07
      },
      "id": "Clip1",
      "type": "vtkHttpDataSetSeriesReader",
      "vtkHttpDataSetSeriesReader": {
        "url": "1"
      }
    },
    {
      "name": "3",
      "actor": {
        "origin": [
          0,
          0,
          0
        ],
        "scale": [
          1,
          1,
          1
        ],
        "position": [
          0,
          0,
          0
        ]
      },
      "actorRotation": [
        0,
        0,
        0,
        1
      ],
      "mapper": {
        "colorByArrayName": "p",
        "colorMode": 1,
        "scalarMode": 3
      },
      "property": {
        "representation": 2,
        "edgeVisibility": 0,
        "diffuseColor": [
          1,
          1,
          1
        ],
        "pointSize": 2,
        "opacity": 1
      },
      "id": "3",
      "type": "vtkHttpDataSetSeriesReader",
      "vtkHttpDataSetSeriesReader": {
        "url": "2"
      }
    }
  ],
  "lookupTables": {
    "U": {
      "clamping": true,
      "colorSpace": 3,
      "hSVWrap": false,
      "alpha": 1,
      "vectorComponent": 0,
      "vectorSize": -1,
      "vectorMode": 0,
      "indexedLookup": 0,
      "nodes": [
        [
          0,
          0.231373,
          0.298039,
          0.752941,
          0.5,
          0
        ],
        [
          13.9017,
          0.865003,
          0.865003,
          0.865003,
          0.5,
          0
        ],
        [
          27.8034,
          0.705882,
          0.0156863,
          0.14902,
          0.5,
          0
        ]
      ]
    },
    "p": {
      "clamping": true,
      "colorSpace": 3,
      "hSVWrap": false,
      "alpha": 1,
      "vectorComponent": 0,
      "vectorSize": -1,
      "vectorMode": 0,
      "indexedLookup": 0,
      "nodes": [
        [
          -418.047,
          0.231373,
          0.298039,
          0.752941,
          0.5,
          0
        ],
        [
          -111.374,
          0.865003,
          0.865003,
          0.865003,
          0.5,
          0
        ],
        [
          195.3,
          0.705882,
          0.0156863,
          0.14902,
          0.5,
          0
        ]
      ]
    }
  },
  "animation": {
    "type": "vtkTimeStepBasedAnimationHandler",
    "timeSteps": [
      {
        "time": 1.0,
        "background": [
          0.32,
          0.34,
          0.43
        ],
        "camera": {
          "focalPoint": [
            -6.22512,
            12.6818,
            5.66925
          ],
          "position": [
            -16.7623,
            32.7916,
            15.1268
          ],
          "viewUp": [
            -0.177569,
            -0.493475,
            0.851441
          ]
        },
        "centerOfRotation": [
          -6.22512,
          12.6818,
          5.66925
        ],
        "lookupTables": {
          "U": {
            "clamping": true,
            "colorSpace": 3,
            "hSVWrap": false,
            "alpha": 1,
            "vectorComponent": 0,
            "vectorSize": -1,
            "vectorMode": 0,
            "indexedLookup": 0,
            "nodes": [
              [
                0,
                0.231373,
                0.298039,
                0.752941,
                0.5,
                0
              ],
              [
                13.9017,
                0.865003,
                0.865003,
                0.865003,
                0.5,
                0
              ],
              [
                27.8034,
                0.705882,
                0.0156863,
                0.14902,
                0.5,
                0
              ]
            ]
          },
          "p": {
            "clamping": true,
            "colorSpace": 3,
            "hSVWrap": false,
            "alpha": 1,
            "vectorComponent": 0,
            "vectorSize": -1,
            "vectorMode": 0,
            "indexedLookup": 0,
            "nodes": [
              [
                -418.047,
                0.231373,
                0.298039,
                0.752941,
                0.5,
                0
              ],
              [
                -111.374,
                0.865003,
                0.865003,
                0.865003,
                0.5,
                0
              ],
              [
                195.3,
                0.705882,
                0.0156863,
                0.14902,
                0.5,
                0
              ]
            ]
          }
        },
        "motorbike8.foam": {
          "actor": {
            "origin": [
              0,
              0,
              0
            ],
            "scale": [
              5,
              2,
              2
            ],
            "position": [
              5,
              0,
              4
            ]
          },
          "actorRotation": [
            0,
            0,
            0,
            1
          ],
          "mapper": {
            "colorByArrayName": "",
            "colorMode": 0,
            "scalarMode": 0
          },
          "property": {
            "representation": 2,
            "edgeVisibility": 0,
            "diffuseColor": [
              1,
              1,
              1
            ],
            "pointSize": 1,
            "opacity": 1
          }
        },
        "Clip1": {
          "actor": {
            "origin": [
              0,
              0,
              0
            ],
            "scale": [
              1,
              1,
              1
            ],
            "position": [
              0,
              0,
              0
            ]
          },
          "actorRotation": [
            0,
            0,
            0,
            1
          ],
          "mapper": {
            "colorByArrayName": "U",
            "colorMode": 1,
            "scalarMode": 3
          },
          "property": {
            "representation": 2,
            "edgeVisibility": 0,
            "diffuseColor": [
              1,
              1,
              1
            ],
            "pointSize": 2,
            "opacity": 0.07
          }
        },
        "3": {
          "actor": {
            "origin": [
              0,
              0,
              0
            ],
            "scale": [
              1,
              1,
              1
            ],
            "position": [
              0,
              0,
              0
            ]
          },
          "actorRotation": [
            0,
            0,
            0,
            1
          ],
          "mapper": {
            "colorByArrayName": "p",
            "colorMode": 1,
            "scalarMode": 3
          },
          "property": {
            "representation": 2,
            "edgeVisibility": 0,
            "diffuseColor": [
              1,
              1,
              1
            ],
            "pointSize": 2,
            "opacity": 1
          }
        }
      },
      {
        "time": 2.0,
        "background": [
          0.32,
          0.34,
          0.43
        ],
        "camera": {
          "focalPoint": [
            -6.22512,
            12.6818,
            5.66925
          ],
          "position": [
            -16.7623,
            32.7916,
            15.1268
          ],
          "viewUp": [
            -0.177569,
            -0.493475,
            0.851441
          ]
        },
        "centerOfRotation": [
          -6.22512,
          12.6818,
          5.66925
        ],
        "lookupTables": {
          "U": {
            "clamping": true,
            "colorSpace": 3,
            "hSVWrap": false,
            "alpha": 1,
            "vectorComponent": 0,
            "vectorSize": -1,
            "vectorMode": 0,
            "indexedLookup": 0,
            "nodes": [
              [
                0,
                0.231373,
                0.298039,
                0.752941,
                0.5,
                0
              ],
              [
                13.9017,
                0.865003,
                0.865003,
                0.865003,
                0.5,
                0
              ],
              [
                27.8034,
                0.705882,
                0.0156863,
                0.14902,
                0.5,
                0
              ]
            ]
          },
          "p": {
            "clamping": true,
            "colorSpace": 3,
            "hSVWrap": false,
            "alpha": 1,
            "vectorComponent": 0,
            "vectorSize": -1,
            "vectorMode": 0,
            "indexedLookup": 0,
            "nodes": [
              [
                -418.047,
                0.231373,
                0.298039,
                0.752941,
                0.5,
                0
              ],
              [
                -111.374,
                0.865003,
                0.865003,
                0.865003,
                0.5,
                0
              ],
              [
                195.3,
                0.705882,
                0.0156863,
                0.14902,
                0.5,
                0
              ]
            ]
          }
        },
        "motorbike8.foam": {
          "actor": {
            "origin": [
              0,
              0,
              0
            ],
            "scale": [
              5,
              2,
              2
            ],
            "position": [
              5,
              0,
              4
            ]
          },
          "actorRotation": [
            0,
            0,
            0,
            1
          ],
          "mapper": {
            "colorByArrayName": "",
            "colorMode": 0,
            "scalarMode": 0
          },
          "property": {
            "representation": 2,
            "edgeVisibility": 0,
            "diffuseColor": [
              1,
              1,
              1
            ],
            "pointSize": 1,
            "opacity": 1
          }
        },
        "Clip1": {
          "actor": {
            "origin": [
              0,
              0,
              0
            ],
            "scale": [
              1,
              1,
              1
            ],
            "position": [
              0,
              0,
              0
            ]
          },
          "actorRotation": [
            0,
            0,
            0,
            1
          ],
          "mapper": {
            "colorByArrayName": "U",
            "colorMode": 1,
            "scalarMode": 3
          },
          "property": {
            "representation": 2,
            "edgeVisibility": 0,
            "diffuseColor": [
              1,
              1,
              1
            ],
            "pointSize": 2,
            "opacity": 0.07
          }
        },
        "3": {
          "actor": {
            "origin": [
              0,
              0,
              0
            ],
            "scale": [
              1,
              1,
              1
            ],
            "position": [
              0,
              0,
              0
            ]
          },
          "actorRotation": [
            0,
            0,
            0,
            1
          ],
          "mapper": {
            "colorByArrayName": "p",
            "colorMode": 1,
            "scalarMode": 3
          },
          "property": {
            "representation": 2,
            "edgeVisibility": 0,
            "diffuseColor": [
              1,
              1,
              1
            ],
            "pointSize": 2,
            "opacity": 1
          }
        }
      },
      {
        "time": 3.0,
        "background": [
          0.32,
          0.34,
          0.43
        ],
        "camera": {
          "focalPoint": [
            -6.22512,
            12.6818,
            5.66925
          ],
          "position": [
            -16.7623,
            32.7916,
            15.1268
          ],
          "viewUp": [
            -0.177569,
            -0.493475,
            0.851441
          ]
        },
        "centerOfRotation": [
          -6.22512,
          12.6818,
          5.66925
        ],
        "lookupTables": {
          "U": {
            "clamping": true,
            "colorSpace": 3,
            "hSVWrap": false,
            "alpha": 1,
            "vectorComponent": 0,
            "vectorSize": -1,
            "vectorMode": 0,
            "indexedLookup": 0,
            "nodes": [
              [
                0,
                0.231373,
                0.298039,
                0.752941,
                0.5,
                0
              ],
              [
                13.9017,
                0.865003,
                0.865003,
                0.865003,
                0.5,
                0
              ],
              [
                27.8034,
                0.705882,
                0.0156863,
                0.14902,
                0.5,
                0
              ]
            ]
          },
          "p": {
            "clamping": true,
            "colorSpace": 3,
            "hSVWrap": false,
            "alpha": 1,
            "vectorComponent": 0,
            "vectorSize": -1,
            "vectorMode": 0,
            "indexedLookup": 0,
            "nodes": [
              [
                -418.047,
                0.231373,
                0.298039,
                0.752941,
                0.5,
                0
              ],
              [
                -111.374,
                0.865003,
                0.865003,
                0.865003,
                0.5,
                0
              ],
              [
                195.3,
                0.705882,
                0.0156863,
                0.14902,
                0.5,
                0
              ]
            ]
          }
        },
        "motorbike8.foam": {
          "actor": {
            "origin": [
              0,
              0,
              0
            ],
            "scale": [
              5,
              2,
              2
            ],
            "position": [
              5,
              0,
              4
            ]
          },
          "actorRotation": [
            0,
            0,
            0,
            1
          ],
          "mapper": {
            "colorByArrayName": "",
            "colorMode": 0,
            "scalarMode": 0
          },
          "property": {
            "representation": 2,
            "edgeVisibility": 0,
            "diffuseColor": [
              1,
              1,
              1
            ],
            "pointSize": 1,
            "opacity": 1
          }
        },
        "Clip1": {
          "actor": {
            "origin": [
              0,
              0,
              0
            ],
            "scale": [
              1,
              1,
              1
            ],
            "position": [
              0,
              0,
              0
            ]
          },
          "actorRotation": [
            0,
            0,
            0,
            1
          ],
          "mapper": {
            "colorByArrayName": "U",
            "colorMode": 1,
            "scalarMode": 3
          },
          "property": {
            "representation": 2,
            "edgeVisibility": 0,
            "diffuseColor": [
              1,
              1,
              1
            ],
            "pointSize": 2,
            "opacity": 0.07
          }
        },
        "3": {
          "actor": {
            "origin": [
              0,
              0,
              0
            ],
            "scale": [
              1,
              1,
              1
            ],
            "position": [
              0,
              0,
              0
            ]
          },
          "actorRotation": [
            0,
            0,
            0,
            1
          ],
          "mapper": {
            "colorByArrayName": "p",
            "colorMode": 1,
            "scalarMode": 3
          },
          "property": {
            "representation": 2,
            "edgeVisibility": 0,
            "diffuseColor": [
              1,
              1,
              1
            ],
            "pointSize": 2,
            "opacity": 1
          }
        }
      },
      {
        "time": 103.0,
        "background": [
          0.32,
          0.34,
          0.43
        ],
        "camera": {
          "focalPoint": [
            -6.22512,
            12.6818,
            5.66925
          ],
          "position": [
            -16.7623,
            32.7916,
            15.1268
          ],
          "viewUp": [
            -0.177569,
            -0.493475,
            0.851441
          ]
        },
        "centerOfRotation": [
          -6.22512,
          12.6818,
          5.66925
        ],
        "lookupTables": {
          "U": {
            "clamping": true,
            "colorSpace": 3,
            "hSVWrap": false,
            "alpha": 1,
            "vectorComponent": 0,
            "vectorSize": -1,
            "vectorMode": 0,
            "indexedLookup": 0,
            "nodes": [
              [
                0,
                0.231373,
                0.298039,
                0.752941,
                0.5,
                0
              ],
              [
                13.9017,
                0.865003,
                0.865003,
                0.865003,
                0.5,
                0
              ],
              [
                27.8034,
                0.705882,
                0.0156863,
                0.14902,
                0.5,
                0
              ]
            ]
          },
          "p": {
            "clamping": true,
            "colorSpace": 3,
            "hSVWrap": false,
            "alpha": 1,
            "vectorComponent": 0,
            "vectorSize": -1,
            "vectorMode": 0,
            "indexedLookup": 0,
            "nodes": [
              [
                -418.047,
                0.231373,
                0.298039,
                0.752941,
                0.5,
                0
              ],
              [
                -111.374,
                0.865003,
                0.865003,
                0.865003,
                0.5,
                0
              ],
              [
                195.3,
                0.705882,
                0.0156863,
                0.14902,
                0.5,
                0
              ]
            ]
          }
        },
        "motorbike8.foam": {
          "actor": {
            "origin": [
              0,
              0,
              0
            ],
            "scale": [
              5,
              2,
              2
            ],
            "position": [
              5,
              0,
              4
            ]
          },
          "actorRotation": [
            0,
            0,
            0,
            1
          ],
          "mapper": {
            "colorByArrayName": "",
            "colorMode": 0,
            "scalarMode": 0
          },
          "property": {
            "representation": 2,
            "edgeVisibility": 0,
            "diffuseColor": [
              1,
              1,
              1
            ],
            "pointSize": 1,
            "opacity": 1
          }
        },
        "Clip1": {
          "actor": {
            "origin": [
              0,
              0,
              0
            ],
            "scale": [
              1,
              1,
              1
            ],
            "position": [
              0,
              0,
              0
            ]
          },
          "actorRotation": [
            0,
            0,
            0,
            1
          ],
          "mapper": {
            "colorByArrayName": "U",
            "colorMode": 1,
            "scalarMode": 3
          },
          "property": {
            "representation": 2,
            "edgeVisibility": 0,
            "diffuseColor": [
              1,
              1,
              1
            ],
            "pointSize": 2,
            "opacity": 0.07
          }
        },
        "3": {
          "actor": {
            "origin": [
              0,
              0,
              0
            ],
            "scale": [
              1,
              1,
              1
            ],
            "position": [
              0,
              0,
              0
            ]
          },
          "actorRotation": [
            0,
            0,
            0,
            1
          ],
          "mapper": {
            "colorByArrayName": "p",
            "colorMode": 1,
            "scalarMode": 3
          },
          "property": {
            "representation": 2,
            "edgeVisibility": 0,
            "diffuseColor": [
              1,
              1,
              1
            ],
            "pointSize": 2,
            "opacity": 1
          }
        }
      },
      {
        "time": 203.0,
        "background": [
          0.32,
          0.34,
          0.43
        ],
        "camera": {
          "focalPoint": [
            -6.22512,
            12.6818,
            5.66925
          ],
          "position": [
            -16.7623,
            32.7916,
            15.1268
          ],
          "viewUp": [
            -0.177569,
            -0.493475,
            0.851441
          ]
        },
        "centerOfRotation": [
          -6.22512,
          12.6818,
          5.66925
        ],
        "lookupTables": {
          "U": {
            "clamping": true,
            "colorSpace": 3,
            "hSVWrap": false,
            "alpha": 1,
            "vectorComponent": 0,
            "vectorSize": -1,
            "vectorMode": 0,
            "indexedLookup": 0,
            "nodes": [
              [
                0,
                0.231373,
                0.298039,
                0.752941,
                0.5,
                0
              ],
              [
                13.9017,
                0.865003,
                0.865003,
                0.865003,
                0.5,
                0
              ],
              [
                27.8034,
                0.705882,
                0.0156863,
                0.14902,
                0.5,
                0
              ]
            ]
          },
          "p": {
            "clamping": true,
            "colorSpace": 3,
            "hSVWrap": false,
            "alpha": 1,
            "vectorComponent": 0,
            "vectorSize": -1,
            "vectorMode": 0,
            "indexedLookup": 0,
            "nodes": [
              [
                -418.047,
                0.231373,
                0.298039,
                0.752941,
                0.5,
                0
              ],
              [
                -111.374,
                0.865003,
                0.865003,
                0.865003,
                0.5,
                0
              ],
              [
                195.3,
                0.705882,
                0.0156863,
                0.14902,
                0.5,
                0
              ]
            ]
          }
        },
        "motorbike8.foam": {
          "actor": {
            "origin": [
              0,
              0,
              0
            ],
            "scale": [
              5,
              2,
              2
            ],
            "position": [
              5,
              0,
              4
            ]
          },
          "actorRotation": [
            0,
            0,
            0,
            1
          ],
          "mapper": {
            "colorByArrayName": "",
            "colorMode": 0,
            "scalarMode": 0
          },
          "property": {
            "representation": 2,
            "edgeVisibility": 0,
            "diffuseColor": [
              1,
              1,
              1
            ],
            "pointSize": 1,
            "opacity": 1
          }
        },
        "Clip1": {
          "actor": {
            "origin": [
              0,
              0,
              0
            ],
            "scale": [
              1,
              1,
              1
            ],
            "position": [
              0,
              0,
              0
            ]
          },
          "actorRotation": [
            0,
            0,
            0,
            1
          ],
          "mapper": {
            "colorByArrayName": "U",
            "colorMode": 1,
            "scalarMode": 3
          },
          "property": {
            "representation": 2,
            "edgeVisibility": 0,
            "diffuseColor": [
              1,
              1,
              1
            ],
            "pointSize": 2,
            "opacity": 0.07
          }
        },
        "3": {
          "actor": {
            "origin": [
              0,
              0,
              0
            ],
            "scale": [
              1,
              1,
              1
            ],
            "position": [
              0,
              0,
              0
            ]
          },
          "actorRotation": [
            0,
            0,
            0,
            1
          ],
          "mapper": {
            "colorByArrayName": "p",
            "colorMode": 1,
            "scalarMode": 3
          },
          "property": {
            "representation": 2,
            "edgeVisibility": 0,
            "diffuseColor": [
              1,
              1,
              1
            ],
            "pointSize": 2,
            "opacity": 1
          }
        }
      },
      {
        "time": 303.0,
        "background": [
          0.32,
          0.34,
          0.43
        ],
        "camera": {
          "focalPoint": [
            -6.22512,
            12.6818,
            5.66925
          ],
          "position": [
            -16.7623,
            32.7916,
            15.1268
          ],
          "viewUp": [
            -0.177569,
            -0.493475,
            0.851441
          ]
        },
        "centerOfRotation": [
          -6.22512,
          12.6818,
          5.66925
        ],
        "lookupTables": {
          "U": {
            "clamping": true,
            "colorSpace": 3,
            "hSVWrap": false,
            "alpha": 1,
            "vectorComponent": 0,
            "vectorSize": -1,
            "vectorMode": 0,
            "indexedLookup": 0,
            "nodes": [
              [
                0,
                0.231373,
                0.298039,
                0.752941,
                0.5,
                0
              ],
              [
                13.9017,
                0.865003,
                0.865003,
                0.865003,
                0.5,
                0
              ],
              [
                27.8034,
                0.705882,
                0.0156863,
                0.14902,
                0.5,
                0
              ]
            ]
          },
          "p": {
            "clamping": true,
            "colorSpace": 3,
            "hSVWrap": false,
            "alpha": 1,
            "vectorComponent": 0,
            "vectorSize": -1,
            "vectorMode": 0,
            "indexedLookup": 0,
            "nodes": [
              [
                -418.047,
                0.231373,
                0.298039,
                0.752941,
                0.5,
                0
              ],
              [
                -111.374,
                0.865003,
                0.865003,
                0.865003,
                0.5,
                0
              ],
              [
                195.3,
                0.705882,
                0.0156863,
                0.14902,
                0.5,
                0
              ]
            ]
          }
        },
        "motorbike8.foam": {
          "actor": {
            "origin": [
              0,
              0,
              0
            ],
            "scale": [
              5,
              2,
              2
            ],
            "position": [
              5,
              0,
              4
            ]
          },
          "actorRotation": [
            0,
            0,
            0,
            1
          ],
          "mapper": {
            "colorByArrayName": "",
            "colorMode": 0,
            "scalarMode": 0
          },
          "property": {
            "representation": 2,
            "edgeVisibility": 0,
            "diffuseColor": [
              1,
              1,
              1
            ],
            "pointSize": 1,
            "opacity": 1
          }
        },
        "Clip1": {
          "actor": {
            "origin": [
              0,
              0,
              0
            ],
            "scale": [
              1,
              1,
              1
            ],
            "position": [
              0,
              0,
              0
            ]
          },
          "actorRotation": [
            0,
            0,
            0,
            1
          ],
          "mapper": {
            "colorByArrayName": "U",
            "colorMode": 1,
            "scalarMode": 3
          },
          "property": {
            "representation": 2,
            "edgeVisibility": 0,
            "diffuseColor": [
              1,
              1,
              1
            ],
            "pointSize": 2,
            "opacity": 0.07
          }
        },
        "3": {
          "actor": {
            "origin": [
              0,
              0,
              0
            ],
            "scale": [
              1,
              1,
              1
            ],
            "position": [
              0,
              0,
              0
            ]
          },
          "actorRotation": [
            0,
            0,
            0,
            1
          ],
          "mapper": {
            "colorByArrayName": "p",
            "colorMode": 1,
            "scalarMode": 3
          },
          "property": {
            "representation": 2,
            "edgeVisibility": 0,
            "diffuseColor": [
              1,
              1,
              1
            ],
            "pointSize": 2,
            "opacity": 1
          }
        }
      },
      {
        "time": 403.0,
        "background": [
          0.32,
          0.34,
          0.43
        ],
        "camera": {
          "focalPoint": [
            -6.22512,
            12.6818,
            5.66925
          ],
          "position": [
            -16.7623,
            32.7916,
            15.1268
          ],
          "viewUp": [
            -0.177569,
            -0.493475,
            0.851441
          ]
        },
        "centerOfRotation": [
          -6.22512,
          12.6818,
          5.66925
        ],
        "lookupTables": {
          "U": {
            "clamping": true,
            "colorSpace": 3,
            "hSVWrap": false,
            "alpha": 1,
            "vectorComponent": 0,
            "vectorSize": -1,
            "vectorMode": 0,
            "indexedLookup": 0,
            "nodes": [
              [
                0,
                0.231373,
                0.298039,
                0.752941,
                0.5,
                0
              ],
              [
                13.9017,
                0.865003,
                0.865003,
                0.865003,
                0.5,
                0
              ],
              [
                27.8034,
                0.705882,
                0.0156863,
                0.14902,
                0.5,
                0
              ]
            ]
          },
          "p": {
            "clamping": true,
            "colorSpace": 3,
            "hSVWrap": false,
            "alpha": 1,
            "vectorComponent": 0,
            "vectorSize": -1,
            "vectorMode": 0,
            "indexedLookup": 0,
            "nodes": [
              [
                -418.047,
                0.231373,
                0.298039,
                0.752941,
                0.5,
                0
              ],
              [
                -111.374,
                0.865003,
                0.865003,
                0.865003,
                0.5,
                0
              ],
              [
                195.3,
                0.705882,
                0.0156863,
                0.14902,
                0.5,
                0
              ]
            ]
          }
        },
        "motorbike8.foam": {
          "actor": {
            "origin": [
              0,
              0,
              0
            ],
            "scale": [
              5,
              2,
              2
            ],
            "position": [
              5,
              0,
              4
            ]
          },
          "actorRotation": [
            0,
            0,
            0,
            1
          ],
          "mapper": {
            "colorByArrayName": "",
            "colorMode": 0,
            "scalarMode": 0
          },
          "property": {
            "representation": 2,
            "edgeVisibility": 0,
            "diffuseColor": [
              1,
              1,
              1
            ],
            "pointSize": 1,
            "opacity": 1
          }
        },
        "Clip1": {
          "actor": {
            "origin": [
              0,
              0,
              0
            ],
            "scale": [
              1,
              1,
              1
            ],
            "position": [
              0,
              0,
              0
            ]
          },
          "actorRotation": [
            0,
            0,
            0,
            1
          ],
          "mapper": {
            "colorByArrayName": "U",
            "colorMode": 1,
            "scalarMode": 3
          },
          "property": {
            "representation": 2,
            "edgeVisibility": 0,
            "diffuseColor": [
              1,
              1,
              1
            ],
            "pointSize": 2,
            "opacity": 0.07
          }
        },
        "3": {
          "actor": {
            "origin": [
              0,
              0,
              0
            ],
            "scale": [
              1,
              1,
              1
            ],
            "position": [
              0,
              0,
              0
            ]
          },
          "actorRotation": [
            0,
            0,
            0,
            1
          ],
          "mapper": {
            "colorByArrayName": "p",
            "colorMode": 1,
            "scalarMode": 3
          },
          "property": {
            "representation": 2,
            "edgeVisibility": 0,
            "diffuseColor": [
              1,
              1,
              1
            ],
            "pointSize": 2,
            "opacity": 1
          }
        }
      }
    ]
  }
}