{
  "vtkClass": "vtkPolyData",
  "points": {
    "vtkClass": "vtkPoints",
    "name": "points",
    "numberOfComponents": 3,
    "dataType": "Float64Array",
    "ref": {
      "encode": "LittleEndian",
      "basepath": "../../data",
      "id": "Float64_11046-ec24f70ff93fc74e8e02b3a83e75fbbe"
    },
    "size": 11046
  },
  "polys": {
    "vtkClass": "vtkCellArray",
    "name": "polys",
    "numberOfComponents": 1,
    "dataType": "Int32Array",
    "ref": {
      "encode": "LittleEndian",
      "basepath": "../../data",
      "id": "Int32_18400-006765a1a73b9572f3187e6cc6a04e72"
    },
    "size": 18400
  },
  "pointData": {
    "vtkClass": "vtkDataSetAttributes",
    "arrays": [
      {
        "data": {
          "vtkClass": "vtkDataArray",
          "name": "ACCL",
          "numberOfComponents": 3,
          "dataType": "Float64Array",
          "ref": {
            "encode": "LittleEndian",
            "basepath": "../../data",
            "id": "Float64_11046-8a82e29b9f4a5fd2187ae7fe1503009b"
          },
          "size": 11046
        }
      },
      {
        "data": {
          "vtkClass": "vtkDataArray",
          "name": "DISPL",
          "numberOfComponents": 3,
          "dataType": "Float64Array",
          "ref": {
            "encode": "LittleEndian",
            "basepath": "../../data",
            "id": "Float64_11046-a97b2b78d66f40199c087f65d0d0b388"
          },
          "size": 11046
        }
      },
      {
        "data": {
          "vtkClass": "vtkDataArray",
          "name": "VEL",
          "numberOfComponents": 3,
          "dataType": "Float64Array",
          "ref": {
            "encode": "LittleEndian",
            "basepath": "../../data",
            "id": "Float64_11046-1397ecb278f79fdff8b1b10cd6db9d88"
          },
          "size": 11046
        }
      },
      {
        "data": {
          "vtkClass": "vtkDataArray",
          "name": "ids",
          "numberOfComponents": 1,
          "dataType": "Int32Array",
          "ref": {
            "encode": "LittleEndian",
            "basepath": "../../data",
            "id": "Int32_3682-adceb81254e7f67ea03c91eb954f1781"
          },
          "size": 3682
        }
      },
      {
        "data": {
          "vtkClass": "vtkDataArray",
          "name": "vtkCompositeIndex",
          "numberOfComponents": 1,
          "dataType": "Uint32Array",
          "ref": {
            "encode": "LittleEndian",
            "basepath": "../../data",
            "id": "Uint32_3682-2e3d0f08aae454cea26fdb54eb5ccdf2"
          },
          "size": 3682
        }
      },
      {
        "data": {
          "vtkClass": "vtkDataArray",
          "name": "vtkOriginalPointIds",
          "numberOfComponents": 1,
          "dataType": "Int32Array",
          "ref": {
            "encode": "LittleEndian",
            "basepath": "../../data",
            "id": "Int32_3682-4f765583a8848303a12de12194a2f652"
          },
          "size": 3682
        }
      }
    ],
    "activeTCoords": -1,
    "activeScalars": -1,
    "activeNormals": -1,
    "activeGlobalIds": 3,
    "activeTensors": -1,
    "activePedigreeIds": -1,
    "activeVectors": -1
  },
  "cellData": {
    "vtkClass": "vtkDataSetAttributes",
    "arrays": [
      {
        "data": {
          "vtkClass": "vtkDataArray",
          "name": "EQPS",
          "numberOfComponents": 1,
          "dataType": "Float64Array",
          "ref": {
            "encode": "LittleEndian",
            "basepath": "../../data",
            "id": "Float64_3680-d3ac33e44aede50c60da0adb8346e747"
          },
          "size": 3680
        }
      },
      {
        "data": {
          "vtkClass": "vtkDataArray",
          "name": "ids",
          "numberOfComponents": 1,
          "dataType": "Int32Array",
          "ref": {
            "encode": "LittleEndian",
            "basepath": "../../data",
            "id": "Int32_3680-817e25f5cdd50cbc6e361540997a89fa"
          },
          "size": 3680
        }
      },
      {
        "data": {
          "vtkClass": "vtkDataArray",
          "name": "object_id",
          "numberOfComponents": 1,
          "dataType": "Int32Array",
          "ref": {
            "encode": "LittleEndian",
            "basepath": "../../data",
            "id": "Int32_3680-729ed07f176e627b415734f9c74c1059"
          },
          "size": 3680
        }
      },
      {
        "data": {
          "vtkClass": "vtkDataArray",
          "name": "vtkCompositeIndex",
          "numberOfComponents": 1,
          "dataType": "Uint32Array",
          "ref": {
            "encode": "LittleEndian",
            "basepath": "../../data",
            "id": "Uint32_3680-fbf2b9d6b571906a7e529c48d5bbf46a"
          },
          "size": 3680
        }
      },
      {
        "data": {
          "vtkClass": "vtkDataArray",
          "name": "vtkOriginalCellIds",
          "numberOfComponents": 1,
          "dataType": "Int32Array",
          "ref": {
            "encode": "LittleEndian",
            "basepath": "../../data",
            "id": "Int32_3680-15e08140a0302d99a6e451bd3b1692a6"
          },
          "size": 3680
        }
      }
    ],
    "activeTCoords": -1,
    "activeScalars": -1,
    "activeNormals": -1,
    "activeGlobalIds": 1,
    "activeTensors": -1,
    "activePedigreeIds": -1,
    "activeVectors": -1
  }
}