{
  "vtkClass": "vtkPolyData",
  "points": {
    "vtkClass": "vtkPoints",
    "name": "points",
    "numberOfComponents": 3,
    "dataType": "Float32Array",
    "ref": {
      "encode": "LittleEndian",
      "basepath": "../../data",
      "id": "Float32_582741-6dfa37cceb2a2623a90bfdf4e99cebe6"
    },
    "size": 582741
  },
  "polys": {
    "vtkClass": "vtkCellArray",
    "name": "polys",
    "numberOfComponents": 1,
    "dataType": "Int32Array",
    "ref": {
      "encode": "LittleEndian",
      "basepath": "../../data",
      "id": "Int32_1008900-b0c0398de75a26f47422eaf309803e28"
    },
    "size": 1008900
  },
  "pointData": {
    "vtkClass": "vtkDataSetAttributes",
    "arrays": [
      {
        "data": {
          "vtkClass": "vtkDataArray",
          "name": "U",
          "numberOfComponents": 3,
          "dataType": "Float32Array",
          "ref": {
            "encode": "LittleEndian",
            "basepath": "../../data",
            "id": "Float32_582741-ec0d1e335afb34c721afa9d8f23486df"
          },
          "size": 582741
        }
      },
      {
        "data": {
          "vtkClass": "vtkDataArray",
          "name": "k",
          "numberOfComponents": 1,
          "dataType": "Float32Array",
          "ref": {
            "encode": "LittleEndian",
            "basepath": "../../data",
            "id": "Float32_194247-a527517be4885d68796d8e4fa8680cef"
          },
          "size": 194247
        }
      },
      {
        "data": {
          "vtkClass": "vtkDataArray",
          "name": "nut",
          "numberOfComponents": 1,
          "dataType": "Float32Array",
          "ref": {
            "encode": "LittleEndian",
            "basepath": "../../data",
            "id": "Float32_194247-bca846868d320e7d58c280093201b8e7"
          },
          "size": 194247
        }
      },
      {
        "data": {
          "vtkClass": "vtkDataArray",
          "name": "omega",
          "numberOfComponents": 1,
          "dataType": "Float32Array",
          "ref": {
            "encode": "LittleEndian",
            "basepath": "../../data",
            "id": "Float32_194247-0e48e942a532e191d38680b52a73f70a"
          },
          "size": 194247
        }
      },
      {
        "data": {
          "vtkClass": "vtkDataArray",
          "name": "p",
          "numberOfComponents": 1,
          "dataType": "Float32Array",
          "ref": {
            "encode": "LittleEndian",
            "basepath": "../../data",
            "id": "Float32_194247-57b2a123863cfb714fb8528a9b23e4ac"
          },
          "size": 194247
        }
      },
      {
        "data": {
          "vtkClass": "vtkDataArray",
          "name": "vtkOriginalPointIds",
          "numberOfComponents": 1,
          "dataType": "Int32Array",
          "ref": {
            "encode": "LittleEndian",
            "basepath": "../../data",
            "id": "Int32_194247-4ecd6845fb8bd55a78ecb6d6f16962e0"
          },
          "size": 194247
        }
      },
      {
        "data": {
          "vtkClass": "vtkDataArray",
          "name": "vtkCompositeIndex",
          "numberOfComponents": 1,
          "dataType": "Uint32Array",
          "ref": {
            "encode": "LittleEndian",
            "basepath": "../../data",
            "id": "Uint32_194247-84c8ff9e62ec2f40dece5271d19a45eb"
          },
          "size": 194247
        }
      }
    ],
    "activeTCoords": -1,
    "activeScalars": 4,
    "activeNormals": -1,
    "activeGlobalIds": -1,
    "activeTensors": -1,
    "activePedigreeIds": -1,
    "activeVectors": 0
  },
  "cellData": {
    "vtkClass": "vtkDataSetAttributes",
    "arrays": [
      {
        "data": {
          "vtkClass": "vtkDataArray",
          "name": "U",
          "numberOfComponents": 3,
          "dataType": "Float32Array",
          "ref": {
            "encode": "LittleEndian",
            "basepath": "../../data",
            "id": "Float32_608154-03d11e0a25d4fbffcc15e0c922e324f4"
          },
          "size": 608154
        }
      },
      {
        "data": {
          "vtkClass": "vtkDataArray",
          "name": "k",
          "numberOfComponents": 1,
          "dataType": "Float32Array",
          "ref": {
            "encode": "LittleEndian",
            "basepath": "../../data",
            "id": "Float32_202718-7be0667197d82d57185eff8e6f3ee727"
          },
          "size": 202718
        }
      },
      {
        "data": {
          "vtkClass": "vtkDataArray",
          "name": "nut",
          "numberOfComponents": 1,
          "dataType": "Float32Array",
          "ref": {
            "encode": "LittleEndian",
            "basepath": "../../data",
            "id": "Float32_202718-7b27a9a94bb5716081bb43653fb2efe1"
          },
          "size": 202718
        }
      },
      {
        "data": {
          "vtkClass": "vtkDataArray",
          "name": "omega",
          "numberOfComponents": 1,
          "dataType": "Float32Array",
          "ref": {
            "encode": "LittleEndian",
            "basepath": "../../data",
            "id": "Float32_202718-ba8dff8d729c5a60d185a69cf564fefc"
          },
          "size": 202718
        }
      },
      {
        "data": {
          "vtkClass": "vtkDataArray",
          "name": "p",
          "numberOfComponents": 1,
          "dataType": "Float32Array",
          "ref": {
            "encode": "LittleEndian",
            "basepath": "../../data",
            "id": "Float32_202718-6518d2b217446c148392537333c5d4ab"
          },
          "size": 202718
        }
      },
      {
        "data": {
          "vtkClass": "vtkDataArray",
          "name": "vtkOriginalCellIds",
          "numberOfComponents": 1,
          "dataType": "Int32Array",
          "ref": {
            "encode": "LittleEndian",
            "basepath": "../../data",
            "id": "Int32_202718-3c9c25339fbe71b01c65e9c4a26c36ce"
          },
          "size": 202718
        }
      },
      {
        "data": {
          "vtkClass": "vtkDataArray",
          "name": "vtkCompositeIndex",
          "numberOfComponents": 1,
          "dataType": "Uint32Array",
          "ref": {
            "encode": "LittleEndian",
            "basepath": "../../data",
            "id": "Uint32_202718-d95763a8b17e7330e2e2f2885a34f275"
          },
          "size": 202718
        }
      }
    ],
    "activeTCoords": -1,
    "activeScalars": 4,
    "activeNormals": -1,
    "activeGlobalIds": -1,
    "activeTensors": -1,
    "activePedigreeIds": -1,
    "activeVectors": 0
  }
}