{
  "vtkClass": "vtkPolyData",
  "points": {
    "vtkClass": "vtkPoints",
    "name": "points",
    "numberOfComponents": 3,
    "dataType": "Float32Array",
    "ref": {
      "encode": "LittleEndian",
      "basepath": "../../data",
      "id": "Float32_3213-ad148b4a2f7fb1684d0ba442486dca49"
    },
    "size": 3213
  },
  "polys": {
    "vtkClass": "vtkCellArray",
    "name": "polys",
    "numberOfComponents": 1,
    "dataType": "Int32Array",
    "ref": {
      "encode": "LittleEndian",
      "basepath": "../../data",
      "id": "Int32_5714-a2d55d02db5bc6d8cdbaf91493609459"
    },
    "size": 5714
  },
  "pointData": {
    "vtkClass": "vtkDataSetAttributes",
    "arrays": [
      {
        "data": {
          "vtkClass": "vtkDataArray",
          "name": "DISPL",
          "numberOfComponents": 3,
          "dataType": "Float64Array",
          "ref": {
            "encode": "LittleEndian",
            "basepath": "../../data",
            "id": "Float64_3213-bd0be59ea8da541eb5ae4d60815e5584"
          },
          "size": 3213
        }
      },
      {
        "data": {
          "vtkClass": "vtkDataArray",
          "name": "VEL",
          "numberOfComponents": 3,
          "dataType": "Float64Array",
          "ref": {
            "encode": "LittleEndian",
            "basepath": "../../data",
            "id": "Float64_3213-3fde0af443d5924aaa65edc2c874dd7b"
          },
          "size": 3213
        }
      },
      {
        "data": {
          "vtkClass": "vtkDataArray",
          "name": "ACCL",
          "numberOfComponents": 3,
          "dataType": "Float64Array",
          "ref": {
            "encode": "LittleEndian",
            "basepath": "../../data",
            "id": "Float64_3213-b1217dd29f86346a4bdd67c188baae74"
          },
          "size": 3213
        }
      },
      {
        "data": {
          "vtkClass": "vtkDataArray",
          "name": "vtkOriginalPointIds",
          "numberOfComponents": 1,
          "dataType": "Int32Array",
          "ref": {
            "encode": "LittleEndian",
            "basepath": "../../data",
            "id": "Int32_1071-11f1be2c9705fc920ab3e76e5a02ab90"
          },
          "size": 1071
        }
      },
      {
        "data": {
          "vtkClass": "vtkDataArray",
          "name": "vtkCompositeIndex",
          "numberOfComponents": 1,
          "dataType": "Uint32Array",
          "ref": {
            "encode": "LittleEndian",
            "basepath": "../../data",
            "id": "Uint32_1071-ac1e8713c1a516fb879d53167f9701c7"
          },
          "size": 1071
        }
      }
    ],
    "activeTCoords": -1,
    "activeScalars": -1,
    "activeNormals": -1,
    "activeGlobalIds": -1,
    "activeTensors": -1,
    "activePedigreeIds": -1,
    "activeVectors": -1
  },
  "cellData": {
    "vtkClass": "vtkDataSetAttributes",
    "arrays": [
      {
        "data": {
          "vtkClass": "vtkDataArray",
          "name": "EQPS",
          "numberOfComponents": 1,
          "dataType": "Float64Array",
          "ref": {
            "encode": "LittleEndian",
            "basepath": "../../data",
            "id": "Float64_1192-159088790765c6490cc9378b569d0a8b"
          },
          "size": 1192
        }
      },
      {
        "data": {
          "vtkClass": "vtkDataArray",
          "name": "ObjectId",
          "numberOfComponents": 1,
          "dataType": "Int32Array",
          "ref": {
            "encode": "LittleEndian",
            "basepath": "../../data",
            "id": "Int32_1192-6177b5a8bc08d7b30d20137d6771c2f4"
          },
          "size": 1192
        }
      },
      {
        "data": {
          "vtkClass": "vtkDataArray",
          "name": "PedigreeElementId",
          "numberOfComponents": 1,
          "dataType": "Int32Array",
          "ref": {
            "encode": "LittleEndian",
            "basepath": "../../data",
            "id": "Int32_1192-0877b3a9fb6fc9faacf12a4d6c8d081b"
          },
          "size": 1192
        }
      },
      {
        "data": {
          "vtkClass": "vtkDataArray",
          "name": "vtkOriginalCellIds",
          "numberOfComponents": 1,
          "dataType": "Int32Array",
          "ref": {
            "encode": "LittleEndian",
            "basepath": "../../data",
            "id": "Int32_1192-47da1acfba42f68c3f1d58e21d8fce69"
          },
          "size": 1192
        }
      },
      {
        "data": {
          "vtkClass": "vtkDataArray",
          "name": "vtkCompositeIndex",
          "numberOfComponents": 1,
          "dataType": "Uint32Array",
          "ref": {
            "encode": "LittleEndian",
            "basepath": "../../data",
            "id": "Uint32_1192-e0f9c29b2756b07c3c560717bfd8896b"
          },
          "size": 1192
        }
      }
    ],
    "activeTCoords": -1,
    "activeScalars": -1,
    "activeNormals": -1,
    "activeGlobalIds": -1,
    "activeTensors": -1,
    "activePedigreeIds": 2,
    "activeVectors": -1
  }
}