{
  "series": [
    {
      "url": "0",
      "timeStep": 0.0
    },
    {
      "url": "1",
      "timeStep": 0.111111
    },
    {
      "url": "2",
      "timeStep": 0.222222
    },
    {
      "url": "3",
      "timeStep": 0.333333
    },
    {
      "url": "4",
      "timeStep": 0.444444
    },
    {
      "url": "5",
      "timeStep": 0.555556
    },
    {
      "url": "6",
      "timeStep": 0.666667
    },
    {
      "url": "7",
      "timeStep": 0.777778
    },
    {
      "url": "8",
      "timeStep": 0.888889
    },
    {
      "url": "9",
      "timeStep": 1.0
    }
  ]
}