{
  "version": 1.0,
  "background": [
    0.32,
    0.34,
    0.43
  ],
  "camera": {
    "focalPoint": [
      0,
      0,
      0.0799999
    ],
    "position": [
      -3.28897,
      -37.4518,
      -32.9424
    ],
    "viewUp": [
      -0.861578,
      -0.291049,
      0.4159
    ]
  },
  "centerOfRotation": [
    0,
    0,
    0.0799999
  ],
  "scene": [
    {
      "name": "StreamTracer1",
      "actor": {
        "origin": [
          0,
          0,
          0
        ],
        "scale": [
          1,
          1,
          1
        ],
        "position": [
          0,
          0,
          0
        ]
      },
      "actorRotation": [
        0,
        0,
        0,
        1
      ],
      "mapper": {
        "colorByArrayName": "V",
        "colorMode": 1,
        "scalarMode": 3
      },
      "property": {
        "representation": 2,
        "edgeVisibility": 0,
        "diffuseColor": [
          1,
          1,
          1
        ],
        "pointSize": 2,
        "opacity": 1
      },
      "id": "StreamTracer1",
      "type": "vtkHttpDataSetSeriesReader",
      "vtkHttpDataSetSeriesReader": {
        "url": "0"
      }
    }
  ],
  "lookupTables": {
    "V": {
      "clamping": true,
      "colorSpace": 3,
      "hSVWrap": false,
      "alpha": 1,
      "vectorComponent": 0,
      "vectorSize": -1,
      "vectorMode": 0,
      "indexedLookup": 0,
      "nodes": [
        [
          0,
          0.231373,
          0.298039,
          0.752941,
          0.5,
          0
        ],
        [
          11.2094,
          0.865003,
          0.865003,
          0.865003,
          0.5,
          0
        ],
        [
          22.4188,
          0.705882,
          0.0156863,
          0.14902,
          0.5,
          0
        ]
      ]
    }
  },
  "animation": {
    "type": "vtkTimeStepBasedAnimationHandler",
    "timeSteps": [
      {
        "time": 0.0,
        "background": [
          0.32,
          0.34,
          0.43
        ],
        "camera": {
          "focalPoint": [
            0,
            0,
            0.0799999
          ],
          "position": [
            -3.28897,
            -37.4518,
            -32.9424
          ],
          "viewUp": [
            -0.861578,
            -0.291049,
            0.4159
          ]
        },
        "centerOfRotation": [
          0,
          0,
          0.0799999
        ],
        "lookupTables": {
          "V": {
            "clamping": true,
            "colorSpace": 3,
            "hSVWrap": false,
            "alpha": 1,
            "vectorComponent": 0,
            "vectorSize": -1,
            "vectorMode": 0,
            "indexedLookup": 0,
            "nodes": [
              [
                0,
                0.231373,
                0.298039,
                0.752941,
                0.5,
                0
              ],
              [
                11.2094,
                0.865003,
                0.865003,
                0.865003,
                0.5,
                0
              ],
              [
                22.4188,
                0.705882,
                0.0156863,
                0.14902,
                0.5,
                0
              ]
            ]
          }
        },
        "StreamTracer1": {
          "actor": {
            "origin": [
              0,
              0,
              0
            ],
            "scale": [
              1,
              1,
              1
            ],
            "position": [
              0,
              0,
              0
            ]
          },
          "actorRotation": [
            0,
            0,
            0,
            1
          ],
          "mapper": {
            "colorByArrayName": "V",
            "colorMode": 1,
            "scalarMode": 3
          },
          "property": {
            "representation": 2,
            "edgeVisibility": 0,
            "diffuseColor": [
              1,
              1,
              1
            ],
            "pointSize": 2,
            "opacity": 1
          }
        }
      },
      {
        "time": 0.111111,
        "background": [
          0.32,
          0.34,
          0.43
        ],
        "camera": {
          "focalPoint": [
            0,
            0,
            0.0799999
          ],
          "position": [
            -3.28897,
            -37.4518,
            -32.9424
          ],
          "viewUp": [
            -0.861578,
            -0.291049,
            0.4159
          ]
        },
        "centerOfRotation": [
          0,
          0,
          0.0799999
        ],
        "lookupTables": {
          "V": {
            "clamping": true,
            "colorSpace": 3,
            "hSVWrap": false,
            "alpha": 1,
            "vectorComponent": 0,
            "vectorSize": -1,
            "vectorMode": 0,
            "indexedLookup": 0,
            "nodes": [
              [
                0,
                0.231373,
                0.298039,
                0.752941,
                0.5,
                0
              ],
              [
                11.2094,
                0.865003,
                0.865003,
                0.865003,
                0.5,
                0
              ],
              [
                22.4188,
                0.705882,
                0.0156863,
                0.14902,
                0.5,
                0
              ]
            ]
          }
        },
        "StreamTracer1": {
          "actor": {
            "origin": [
              0,
              0,
              0
            ],
            "scale": [
              1,
              1,
              1
            ],
            "position": [
              0,
              0,
              0
            ]
          },
          "actorRotation": [
            0,
            0,
            0,
            1
          ],
          "mapper": {
            "colorByArrayName": "V",
            "colorMode": 1,
            "scalarMode": 3
          },
          "property": {
            "representation": 2,
            "edgeVisibility": 0,
            "diffuseColor": [
              1,
              1,
              1
            ],
            "pointSize": 2,
            "opacity": 1
          }
        }
      },
      {
        "time": 0.222222,
        "background": [
          0.32,
          0.34,
          0.43
        ],
        "camera": {
          "focalPoint": [
            0,
            0,
            0.0799999
          ],
          "position": [
            -3.28897,
            -37.4518,
            -32.9424
          ],
          "viewUp": [
            -0.861578,
            -0.291049,
            0.4159
          ]
        },
        "centerOfRotation": [
          0,
          0,
          0.0799999
        ],
        "lookupTables": {
          "V": {
            "clamping": true,
            "colorSpace": 3,
            "hSVWrap": false,
            "alpha": 1,
            "vectorComponent": 0,
            "vectorSize": -1,
            "vectorMode": 0,
            "indexedLookup": 0,
            "nodes": [
              [
                0,
                0.231373,
                0.298039,
                0.752941,
                0.5,
                0
              ],
              [
                11.2094,
                0.865003,
                0.865003,
                0.865003,
                0.5,
                0
              ],
              [
                22.4188,
                0.705882,
                0.0156863,
                0.14902,
                0.5,
                0
              ]
            ]
          }
        },
        "StreamTracer1": {
          "actor": {
            "origin": [
              0,
              0,
              0
            ],
            "scale": [
              1,
              1,
              1
            ],
            "position": [
              0,
              0,
              0
            ]
          },
          "actorRotation": [
            0,
            0,
            0,
            1
          ],
          "mapper": {
            "colorByArrayName": "V",
            "colorMode": 1,
            "scalarMode": 3
          },
          "property": {
            "representation": 2,
            "edgeVisibility": 0,
            "diffuseColor": [
              1,
              1,
              1
            ],
            "pointSize": 2,
            "opacity": 1
          }
        }
      },
      {
        "time": 0.333333,
        "background": [
          0.32,
          0.34,
          0.43
        ],
        "camera": {
          "focalPoint": [
            0,
            0,
            0.0799999
          ],
          "position": [
            -3.28897,
            -37.4518,
            -32.9424
          ],
          "viewUp": [
            -0.861578,
            -0.291049,
            0.4159
          ]
        },
        "centerOfRotation": [
          0,
          0,
          0.0799999
        ],
        "lookupTables": {
          "V": {
            "clamping": true,
            "colorSpace": 3,
            "hSVWrap": false,
            "alpha": 1,
            "vectorComponent": 0,
            "vectorSize": -1,
            "vectorMode": 0,
            "indexedLookup": 0,
            "nodes": [
              [
                0,
                0.231373,
                0.298039,
                0.752941,
                0.5,
                0
              ],
              [
                11.2094,
                0.865003,
                0.865003,
                0.865003,
                0.5,
                0
              ],
              [
                22.4188,
                0.705882,
                0.0156863,
                0.14902,
                0.5,
                0
              ]
            ]
          }
        },
        "StreamTracer1": {
          "actor": {
            "origin": [
              0,
              0,
              0
            ],
            "scale": [
              1,
              1,
              1
            ],
            "position": [
              0,
              0,
              0
            ]
          },
          "actorRotation": [
            0,
            0,
            0,
            1
          ],
          "mapper": {
            "colorByArrayName": "V",
            "colorMode": 1,
            "scalarMode": 3
          },
          "property": {
            "representation": 2,
            "edgeVisibility": 0,
            "diffuseColor": [
              1,
              1,
              1
            ],
            "pointSize": 2,
            "opacity": 1
          }
        }
      },
      {
        "time": 0.444444,
        "background": [
          0.32,
          0.34,
          0.43
        ],
        "camera": {
          "focalPoint": [
            0,
            0,
            0.0799999
          ],
          "position": [
            -3.28897,
            -37.4518,
            -32.9424
          ],
          "viewUp": [
            -0.861578,
            -0.291049,
            0.4159
          ]
        },
        "centerOfRotation": [
          0,
          0,
          0.0799999
        ],
        "lookupTables": {
          "V": {
            "clamping": true,
            "colorSpace": 3,
            "hSVWrap": false,
            "alpha": 1,
            "vectorComponent": 0,
            "vectorSize": -1,
            "vectorMode": 0,
            "indexedLookup": 0,
            "nodes": [
              [
                0,
                0.231373,
                0.298039,
                0.752941,
                0.5,
                0
              ],
              [
                11.2094,
                0.865003,
                0.865003,
                0.865003,
                0.5,
                0
              ],
              [
                22.4188,
                0.705882,
                0.0156863,
                0.14902,
                0.5,
                0
              ]
            ]
          }
        },
        "StreamTracer1": {
          "actor": {
            "origin": [
              0,
              0,
              0
            ],
            "scale": [
              1,
              1,
              1
            ],
            "position": [
              0,
              0,
              0
            ]
          },
          "actorRotation": [
            0,
            0,
            0,
            1
          ],
          "mapper": {
            "colorByArrayName": "V",
            "colorMode": 1,
            "scalarMode": 3
          },
          "property": {
            "representation": 2,
            "edgeVisibility": 0,
            "diffuseColor": [
              1,
              1,
              1
            ],
            "pointSize": 2,
            "opacity": 1
          }
        }
      },
      {
        "time": 0.555556,
        "background": [
          0.32,
          0.34,
          0.43
        ],
        "camera": {
          "focalPoint": [
            0,
            0,
            0.0799999
          ],
          "position": [
            -3.28897,
            -37.4518,
            -32.9424
          ],
          "viewUp": [
            -0.861578,
            -0.291049,
            0.4159
          ]
        },
        "centerOfRotation": [
          0,
          0,
          0.0799999
        ],
        "lookupTables": {
          "V": {
            "clamping": true,
            "colorSpace": 3,
            "hSVWrap": false,
            "alpha": 1,
            "vectorComponent": 0,
            "vectorSize": -1,
            "vectorMode": 0,
            "indexedLookup": 0,
            "nodes": [
              [
                0,
                0.231373,
                0.298039,
                0.752941,
                0.5,
                0
              ],
              [
                11.2094,
                0.865003,
                0.865003,
                0.865003,
                0.5,
                0
              ],
              [
                22.4188,
                0.705882,
                0.0156863,
                0.14902,
                0.5,
                0
              ]
            ]
          }
        },
        "StreamTracer1": {
          "actor": {
            "origin": [
              0,
              0,
              0
            ],
            "scale": [
              1,
              1,
              1
            ],
            "position": [
              0,
              0,
              0
            ]
          },
          "actorRotation": [
            0,
            0,
            0,
            1
          ],
          "mapper": {
            "colorByArrayName": "V",
            "colorMode": 1,
            "scalarMode": 3
          },
          "property": {
            "representation": 2,
            "edgeVisibility": 0,
            "diffuseColor": [
              1,
              1,
              1
            ],
            "pointSize": 2,
            "opacity": 1
          }
        }
      },
      {
        "time": 0.666667,
        "background": [
          0.32,
          0.34,
          0.43
        ],
        "camera": {
          "focalPoint": [
            0,
            0,
            0.0799999
          ],
          "position": [
            -3.28897,
            -37.4518,
            -32.9424
          ],
          "viewUp": [
            -0.861578,
            -0.291049,
            0.4159
          ]
        },
        "centerOfRotation": [
          0,
          0,
          0.0799999
        ],
        "lookupTables": {
          "V": {
            "clamping": true,
            "colorSpace": 3,
            "hSVWrap": false,
            "alpha": 1,
            "vectorComponent": 0,
            "vectorSize": -1,
            "vectorMode": 0,
            "indexedLookup": 0,
            "nodes": [
              [
                0,
                0.231373,
                0.298039,
                0.752941,
                0.5,
                0
              ],
              [
                11.2094,
                0.865003,
                0.865003,
                0.865003,
                0.5,
                0
              ],
              [
                22.4188,
                0.705882,
                0.0156863,
                0.14902,
                0.5,
                0
              ]
            ]
          }
        },
        "StreamTracer1": {
          "actor": {
            "origin": [
              0,
              0,
              0
            ],
            "scale": [
              1,
              1,
              1
            ],
            "position": [
              0,
              0,
              0
            ]
          },
          "actorRotation": [
            0,
            0,
            0,
            1
          ],
          "mapper": {
            "colorByArrayName": "V",
            "colorMode": 1,
            "scalarMode": 3
          },
          "property": {
            "representation": 2,
            "edgeVisibility": 0,
            "diffuseColor": [
              1,
              1,
              1
            ],
            "pointSize": 2,
            "opacity": 1
          }
        }
      },
      {
        "time": 0.777778,
        "background": [
          0.32,
          0.34,
          0.43
        ],
        "camera": {
          "focalPoint": [
            0,
            0,
            0.0799999
          ],
          "position": [
            -3.28897,
            -37.4518,
            -32.9424
          ],
          "viewUp": [
            -0.861578,
            -0.291049,
            0.4159
          ]
        },
        "centerOfRotation": [
          0,
          0,
          0.0799999
        ],
        "lookupTables": {
          "V": {
            "clamping": true,
            "colorSpace": 3,
            "hSVWrap": false,
            "alpha": 1,
            "vectorComponent": 0,
            "vectorSize": -1,
            "vectorMode": 0,
            "indexedLookup": 0,
            "nodes": [
              [
                0,
                0.231373,
                0.298039,
                0.752941,
                0.5,
                0
              ],
              [
                11.2094,
                0.865003,
                0.865003,
                0.865003,
                0.5,
                0
              ],
              [
                22.4188,
                0.705882,
                0.0156863,
                0.14902,
                0.5,
                0
              ]
            ]
          }
        },
        "StreamTracer1": {
          "actor": {
            "origin": [
              0,
              0,
              0
            ],
            "scale": [
              1,
              1,
              1
            ],
            "position": [
              0,
              0,
              0
            ]
          },
          "actorRotation": [
            0,
            0,
            0,
            1
          ],
          "mapper": {
            "colorByArrayName": "V",
            "colorMode": 1,
            "scalarMode": 3
          },
          "property": {
            "representation": 2,
            "edgeVisibility": 0,
            "diffuseColor": [
              1,
              1,
              1
            ],
            "pointSize": 2,
            "opacity": 1
          }
        }
      },
      {
        "time": 0.888889,
        "background": [
          0.32,
          0.34,
          0.43
        ],
        "camera": {
          "focalPoint": [
            0,
            0,
            0.0799999
          ],
          "position": [
            -3.28897,
            -37.4518,
            -32.9424
          ],
          "viewUp": [
            -0.861578,
            -0.291049,
            0.4159
          ]
        },
        "centerOfRotation": [
          0,
          0,
          0.0799999
        ],
        "lookupTables": {
          "V": {
            "clamping": true,
            "colorSpace": 3,
            "hSVWrap": false,
            "alpha": 1,
            "vectorComponent": 0,
            "vectorSize": -1,
            "vectorMode": 0,
            "indexedLookup": 0,
            "nodes": [
              [
                0,
                0.231373,
                0.298039,
                0.752941,
                0.5,
                0
              ],
              [
                11.2094,
                0.865003,
                0.865003,
                0.865003,
                0.5,
                0
              ],
              [
                22.4188,
                0.705882,
                0.0156863,
                0.14902,
                0.5,
                0
              ]
            ]
          }
        },
        "StreamTracer1": {
          "actor": {
            "origin": [
              0,
              0,
              0
            ],
            "scale": [
              1,
              1,
              1
            ],
            "position": [
              0,
              0,
              0
            ]
          },
          "actorRotation": [
            0,
            0,
            0,
            1
          ],
          "mapper": {
            "colorByArrayName": "V",
            "colorMode": 1,
            "scalarMode": 3
          },
          "property": {
            "representation": 2,
            "edgeVisibility": 0,
            "diffuseColor": [
              1,
              1,
              1
            ],
            "pointSize": 2,
            "opacity": 1
          }
        }
      },
      {
        "time": 1.0,
        "background": [
          0.32,
          0.34,
          0.43
        ],
        "camera": {
          "focalPoint": [
            0,
            0,
            0.0799999
          ],
          "position": [
            -3.28897,
            -37.4518,
            -32.9424
          ],
          "viewUp": [
            -0.861578,
            -0.291049,
            0.4159
          ]
        },
        "centerOfRotation": [
          0,
          0,
          0.0799999
        ],
        "lookupTables": {
          "V": {
            "clamping": true,
            "colorSpace": 3,
            "hSVWrap": false,
            "alpha": 1,
            "vectorComponent": 0,
            "vectorSize": -1,
            "vectorMode": 0,
            "indexedLookup": 0,
            "nodes": [
              [
                0,
                0.231373,
                0.298039,
                0.752941,
                0.5,
                0
              ],
              [
                11.2094,
                0.865003,
                0.865003,
                0.865003,
                0.5,
                0
              ],
              [
                22.4188,
                0.705882,
                0.0156863,
                0.14902,
                0.5,
                0
              ]
            ]
          }
        },
        "StreamTracer1": {
          "actor": {
            "origin": [
              0,
              0,
              0
            ],
            "scale": [
              1,
              1,
              1
            ],
            "position": [
              0,
              0,
              0
            ]
          },
          "actorRotation": [
            0,
            0,
            0,
            1
          ],
          "mapper": {
            "colorByArrayName": "V",
            "colorMode": 1,
            "scalarMode": 3
          },
          "property": {
            "representation": 2,
            "edgeVisibility": 0,
            "diffuseColor": [
              1,
              1,
              1
            ],
            "pointSize": 2,
            "opacity": 1
          }
        }
      }
    ]
  }
}