{
  "vtkClass": "vtkPolyData",
  "points": {
    "vtkClass": "vtkPoints",
    "name": "points",
    "numberOfComponents": 3,
    "dataType": "Float32Array",
    "ref": {
      "encode": "LittleEndian",
      "basepath": "../../data",
      "id": "Float32_170475-a096ebf203239019e913bb2958096732"
    },
    "size": 170475
  },
  "polys": {
    "vtkClass": "vtkCellArray",
    "name": "polys",
    "numberOfComponents": 1,
    "dataType": "Int32Array",
    "ref": {
      "encode": "LittleEndian",
      "basepath": "../../data",
      "id": "Int32_264293-becfe2cc043d60129578a0aa50eb7ef3"
    },
    "size": 264293
  },
  "pointData": {
    "vtkClass": "vtkDataSetAttributes",
    "arrays": [
      {
        "data": {
          "vtkClass": "vtkDataArray",
          "name": "cellLevel",
          "numberOfComponents": 1,
          "dataType": "Float32Array",
          "ref": {
            "encode": "LittleEndian",
            "basepath": "../../data",
            "id": "Float32_56825-f9d6957936dbb8e8b8b346ff1724d21a"
          },
          "size": 56825
        }
      },
      {
        "data": {
          "vtkClass": "vtkDataArray",
          "name": "nSurfaceLayers",
          "numberOfComponents": 1,
          "dataType": "Float32Array",
          "ref": {
            "encode": "LittleEndian",
            "basepath": "../../data",
            "id": "Float32_56825-47963bc17a689f48942c52d8f245d605"
          },
          "size": 56825
        }
      },
      {
        "data": {
          "vtkClass": "vtkDataArray",
          "name": "thickness",
          "numberOfComponents": 1,
          "dataType": "Float32Array",
          "ref": {
            "encode": "LittleEndian",
            "basepath": "../../data",
            "id": "Float32_56825-98e3496dc3e73f458fda8352b067ca38"
          },
          "size": 56825
        }
      },
      {
        "data": {
          "vtkClass": "vtkDataArray",
          "name": "thicknessFraction",
          "numberOfComponents": 1,
          "dataType": "Float32Array",
          "ref": {
            "encode": "LittleEndian",
            "basepath": "../../data",
            "id": "Float32_56825-db834f2461b2c8c2751587f30b718a86"
          },
          "size": 56825
        }
      },
      {
        "data": {
          "vtkClass": "vtkDataArray",
          "name": "pointLevel",
          "numberOfComponents": 1,
          "dataType": "Float32Array",
          "ref": {
            "encode": "LittleEndian",
            "basepath": "../../data",
            "id": "Float32_56825-f2a45069cfa1e87593dcfffb641f2fea"
          },
          "size": 56825
        }
      },
      {
        "data": {
          "vtkClass": "vtkDataArray",
          "name": "vtkOriginalPointIds",
          "numberOfComponents": 1,
          "dataType": "Int32Array",
          "ref": {
            "encode": "LittleEndian",
            "basepath": "../../data",
            "id": "Int32_56825-f2b7d853f39546a5ddd78344529a15a8"
          },
          "size": 56825
        }
      },
      {
        "data": {
          "vtkClass": "vtkDataArray",
          "name": "vtkCompositeIndex",
          "numberOfComponents": 1,
          "dataType": "Uint32Array",
          "ref": {
            "encode": "LittleEndian",
            "basepath": "../../data",
            "id": "Uint32_56825-6009ff179e738cc7235f67651f9e6cf7"
          },
          "size": 56825
        }
      }
    ],
    "activeTCoords": -1,
    "activeScalars": -1,
    "activeNormals": -1,
    "activeGlobalIds": -1,
    "activeTensors": -1,
    "activePedigreeIds": -1,
    "activeVectors": -1
  },
  "cellData": {
    "vtkClass": "vtkDataSetAttributes",
    "arrays": [
      {
        "data": {
          "vtkClass": "vtkDataArray",
          "name": "cellLevel",
          "numberOfComponents": 1,
          "dataType": "Float32Array",
          "ref": {
            "encode": "LittleEndian",
            "basepath": "../../data",
            "id": "Float32_50121-eefc53b541a38620920131fe77ed9788"
          },
          "size": 50121
        }
      },
      {
        "data": {
          "vtkClass": "vtkDataArray",
          "name": "nSurfaceLayers",
          "numberOfComponents": 1,
          "dataType": "Float32Array",
          "ref": {
            "encode": "LittleEndian",
            "basepath": "../../data",
            "id": "Float32_50121-43047c837fb2df3baddc9b8bccdc75aa"
          },
          "size": 50121
        }
      },
      {
        "data": {
          "vtkClass": "vtkDataArray",
          "name": "thickness",
          "numberOfComponents": 1,
          "dataType": "Float32Array",
          "ref": {
            "encode": "LittleEndian",
            "basepath": "../../data",
            "id": "Float32_50121-43047c837fb2df3baddc9b8bccdc75aa"
          },
          "size": 50121
        }
      },
      {
        "data": {
          "vtkClass": "vtkDataArray",
          "name": "thicknessFraction",
          "numberOfComponents": 1,
          "dataType": "Float32Array",
          "ref": {
            "encode": "LittleEndian",
            "basepath": "../../data",
            "id": "Float32_50121-43047c837fb2df3baddc9b8bccdc75aa"
          },
          "size": 50121
        }
      },
      {
        "data": {
          "vtkClass": "vtkDataArray",
          "name": "vtkOriginalCellIds",
          "numberOfComponents": 1,
          "dataType": "Int32Array",
          "ref": {
            "encode": "LittleEndian",
            "basepath": "../../data",
            "id": "Int32_50121-0ff86871ae500aae4477883ff9b978b0"
          },
          "size": 50121
        }
      },
      {
        "data": {
          "vtkClass": "vtkDataArray",
          "name": "vtkCompositeIndex",
          "numberOfComponents": 1,
          "dataType": "Uint32Array",
          "ref": {
            "encode": "LittleEndian",
            "basepath": "../../data",
            "id": "Uint32_50121-b24e98ecc513e88f0edb368ab5c8efa8"
          },
          "size": 50121
        }
      }
    ],
    "activeTCoords": -1,
    "activeScalars": -1,
    "activeNormals": -1,
    "activeGlobalIds": -1,
    "activeTensors": -1,
    "activePedigreeIds": -1,
    "activeVectors": -1
  }
}