{
  "vtkClass": "vtkPolyData",
  "points": {
    "vtkClass": "vtkPoints",
    "name": "points",
    "numberOfComponents": 3,
    "dataType": "Float32Array",
    "ref": {
      "encode": "LittleEndian",
      "basepath": "../../data",
      "id": "Float32_3198-57ed9bfd7d6686b8fe996e23b2d427be"
    },
    "size": 3198
  },
  "polys": {
    "vtkClass": "vtkCellArray",
    "name": "polys",
    "numberOfComponents": 1,
    "dataType": "Int32Array",
    "ref": {
      "encode": "LittleEndian",
      "basepath": "../../data",
      "id": "Int32_5335-983c72e36c727b70e315d4a511b502bd"
    },
    "size": 5335
  },
  "pointData": {
    "vtkClass": "vtkDataSetAttributes",
    "arrays": [
      {
        "data": {
          "vtkClass": "vtkDataArray",
          "name": "DISPL",
          "numberOfComponents": 3,
          "dataType": "Float64Array",
          "ref": {
            "encode": "LittleEndian",
            "basepath": "../../data",
            "id": "Float64_3198-f9e9084f9041d5c2012656d88fded43a"
          },
          "size": 3198
        }
      },
      {
        "data": {
          "vtkClass": "vtkDataArray",
          "name": "VEL",
          "numberOfComponents": 3,
          "dataType": "Float64Array",
          "ref": {
            "encode": "LittleEndian",
            "basepath": "../../data",
            "id": "Float64_3198-4557403d36e9a255f3d266b0b1ac4dbc"
          },
          "size": 3198
        }
      },
      {
        "data": {
          "vtkClass": "vtkDataArray",
          "name": "ACCL",
          "numberOfComponents": 3,
          "dataType": "Float64Array",
          "ref": {
            "encode": "LittleEndian",
            "basepath": "../../data",
            "id": "Float64_3198-03859461daa0013baf6f0db10a8aea0f"
          },
          "size": 3198
        }
      },
      {
        "data": {
          "vtkClass": "vtkDataArray",
          "name": "vtkOriginalPointIds",
          "numberOfComponents": 1,
          "dataType": "Int32Array",
          "ref": {
            "encode": "LittleEndian",
            "basepath": "../../data",
            "id": "Int32_1066-27c8b7c1bcb09681aa9060951507d9c8"
          },
          "size": 1066
        }
      },
      {
        "data": {
          "vtkClass": "vtkDataArray",
          "name": "vtkCompositeIndex",
          "numberOfComponents": 1,
          "dataType": "Uint32Array",
          "ref": {
            "encode": "LittleEndian",
            "basepath": "../../data",
            "id": "Uint32_1066-ae19a752d75fad3f1eda4816d8490b86"
          },
          "size": 1066
        }
      }
    ],
    "activeTCoords": -1,
    "activeScalars": -1,
    "activeNormals": -1,
    "activeGlobalIds": -1,
    "activeTensors": -1,
    "activePedigreeIds": -1,
    "activeVectors": -1
  },
  "cellData": {
    "vtkClass": "vtkDataSetAttributes",
    "arrays": [
      {
        "data": {
          "vtkClass": "vtkDataArray",
          "name": "EQPS",
          "numberOfComponents": 1,
          "dataType": "Float64Array",
          "ref": {
            "encode": "LittleEndian",
            "basepath": "../../data",
            "id": "Float64_1069-4add2bb63e2e575aa35bb30b4118560b"
          },
          "size": 1069
        }
      },
      {
        "data": {
          "vtkClass": "vtkDataArray",
          "name": "ObjectId",
          "numberOfComponents": 1,
          "dataType": "Int32Array",
          "ref": {
            "encode": "LittleEndian",
            "basepath": "../../data",
            "id": "Int32_1069-78fc6e0c68d2adbd890b50655a96894f"
          },
          "size": 1069
        }
      },
      {
        "data": {
          "vtkClass": "vtkDataArray",
          "name": "PedigreeElementId",
          "numberOfComponents": 1,
          "dataType": "Int32Array",
          "ref": {
            "encode": "LittleEndian",
            "basepath": "../../data",
            "id": "Int32_1069-356a93f32a13389b3bc8c67afa7f0bf7"
          },
          "size": 1069
        }
      },
      {
        "data": {
          "vtkClass": "vtkDataArray",
          "name": "vtkOriginalCellIds",
          "numberOfComponents": 1,
          "dataType": "Int32Array",
          "ref": {
            "encode": "LittleEndian",
            "basepath": "../../data",
            "id": "Int32_1069-b80001bc9041a19ecfa607c34d50d342"
          },
          "size": 1069
        }
      },
      {
        "data": {
          "vtkClass": "vtkDataArray",
          "name": "vtkCompositeIndex",
          "numberOfComponents": 1,
          "dataType": "Uint32Array",
          "ref": {
            "encode": "LittleEndian",
            "basepath": "../../data",
            "id": "Uint32_1069-545ffc083ce9904da6f68447dac2ccce"
          },
          "size": 1069
        }
      }
    ],
    "activeTCoords": -1,
    "activeScalars": -1,
    "activeNormals": -1,
    "activeGlobalIds": -1,
    "activeTensors": -1,
    "activePedigreeIds": 2,
    "activeVectors": -1
  }
}