{
  "vtkClass": "vtkPolyData",
  "points": {
    "vtkClass": "vtkPoints",
    "name": "points",
    "numberOfComponents": 3,
    "dataType": "Float32Array",
    "ref": {
      "encode": "LittleEndian",
      "basepath": "../../data",
      "id": "Float32_203628-49c0cb781aa9b2673dc5950dfc470036"
    },
    "size": 203628
  },
  "polys": {
    "vtkClass": "vtkCellArray",
    "name": "polys",
    "numberOfComponents": 1,
    "dataType": "Int32Array",
    "ref": {
      "encode": "LittleEndian",
      "basepath": "../../data",
      "id": "Int32_338973-aafbc1d2cb849b4aa260b95efdad1072"
    },
    "size": 338973
  },
  "pointData": {
    "vtkClass": "vtkDataSetAttributes",
    "arrays": [
      {
        "data": {
          "vtkClass": "vtkDataArray",
          "name": "cellLevel",
          "numberOfComponents": 1,
          "dataType": "Float32Array",
          "ref": {
            "encode": "LittleEndian",
            "basepath": "../../data",
            "id": "Float32_67876-6a1e1267e29f1a14580e22772674a4ee"
          },
          "size": 67876
        }
      },
      {
        "data": {
          "vtkClass": "vtkDataArray",
          "name": "pointLevel",
          "numberOfComponents": 1,
          "dataType": "Float32Array",
          "ref": {
            "encode": "LittleEndian",
            "basepath": "../../data",
            "id": "Float32_67876-c1f730d92806b30c694ef1d87d02c58e"
          },
          "size": 67876
        }
      },
      {
        "data": {
          "vtkClass": "vtkDataArray",
          "name": "vtkOriginalPointIds",
          "numberOfComponents": 1,
          "dataType": "Int32Array",
          "ref": {
            "encode": "LittleEndian",
            "basepath": "../../data",
            "id": "Int32_67876-28b33339d1d7b2787ca842fb4e15104d"
          },
          "size": 67876
        }
      },
      {
        "data": {
          "vtkClass": "vtkDataArray",
          "name": "vtkCompositeIndex",
          "numberOfComponents": 1,
          "dataType": "Uint32Array",
          "ref": {
            "encode": "LittleEndian",
            "basepath": "../../data",
            "id": "Uint32_67876-05373eec6ebb914300114ff43a05efe5"
          },
          "size": 67876
        }
      }
    ],
    "activeTCoords": -1,
    "activeScalars": -1,
    "activeNormals": -1,
    "activeGlobalIds": -1,
    "activeTensors": -1,
    "activePedigreeIds": -1,
    "activeVectors": -1
  },
  "cellData": {
    "vtkClass": "vtkDataSetAttributes",
    "arrays": [
      {
        "data": {
          "vtkClass": "vtkDataArray",
          "name": "cellLevel",
          "numberOfComponents": 1,
          "dataType": "Float32Array",
          "ref": {
            "encode": "LittleEndian",
            "basepath": "../../data",
            "id": "Float32_67647-55905c2350d047a049cdd4bdc9aa5f74"
          },
          "size": 67647
        }
      },
      {
        "data": {
          "vtkClass": "vtkDataArray",
          "name": "vtkOriginalCellIds",
          "numberOfComponents": 1,
          "dataType": "Int32Array",
          "ref": {
            "encode": "LittleEndian",
            "basepath": "../../data",
            "id": "Int32_67647-af7a01362307d97381ece6b38f7697c1"
          },
          "size": 67647
        }
      },
      {
        "data": {
          "vtkClass": "vtkDataArray",
          "name": "vtkCompositeIndex",
          "numberOfComponents": 1,
          "dataType": "Uint32Array",
          "ref": {
            "encode": "LittleEndian",
            "basepath": "../../data",
            "id": "Uint32_67647-4f63491b8ba75f1dde5d280829451ad7"
          },
          "size": 67647
        }
      }
    ],
    "activeTCoords": -1,
    "activeScalars": -1,
    "activeNormals": -1,
    "activeGlobalIds": -1,
    "activeTensors": -1,
    "activePedigreeIds": -1,
    "activeVectors": -1
  }
}