{
  "vtkClass": "vtkPolyData",
  "points": {
    "vtkClass": "vtkPoints",
    "name": "points",
    "numberOfComponents": 3,
    "dataType": "Float32Array",
    "ref": {
      "encode": "LittleEndian",
      "basepath": "../../data",
      "id": "Float32_24-f6746d06e9ae4f7d6758af49088acd90"
    },
    "size": 24
  },
  "lines": {
    "vtkClass": "vtkCellArray",
    "name": "lines",
    "numberOfComponents": 1,
    "dataType": "Int32Array",
    "ref": {
      "encode": "LittleEndian",
      "basepath": "../../data",
      "id": "Int32_36-6ed20ee21bd33decf1b4230d4c3fe3bf"
    },
    "size": 36
  }
}