{
  "vtkClass": "vtkPolyData",
  "points": {
    "vtkClass": "vtkPoints",
    "name": "points",
    "numberOfComponents": 3,
    "dataType": "Float32Array",
    "ref": {
      "encode": "LittleEndian",
      "basepath": "../../data",
      "id": "Float32_170475-a096ebf203239019e913bb2958096732"
    },
    "size": 170475
  },
  "polys": {
    "vtkClass": "vtkCellArray",
    "name": "polys",
    "numberOfComponents": 1,
    "dataType": "Int32Array",
    "ref": {
      "encode": "LittleEndian",
      "basepath": "../../data",
      "id": "Int32_264293-331ae7f6b74bd6b9b7acbb05b77d0370"
    },
    "size": 264293
  },
  "pointData": {
    "vtkClass": "vtkDataSetAttributes",
    "arrays": [
      {
        "data": {
          "vtkClass": "vtkDataArray",
          "name": "U",
          "numberOfComponents": 3,
          "dataType": "Float32Array",
          "ref": {
            "encode": "LittleEndian",
            "basepath": "../../data",
            "id": "Float32_170475-ea92533e1340b5a98d44b8ff00d88e8e"
          },
          "size": 170475
        }
      },
      {
        "data": {
          "vtkClass": "vtkDataArray",
          "name": "k",
          "numberOfComponents": 1,
          "dataType": "Float32Array",
          "ref": {
            "encode": "LittleEndian",
            "basepath": "../../data",
            "id": "Float32_56825-5f36ac4ca0f48a7529cb582e9d0f07c3"
          },
          "size": 56825
        }
      },
      {
        "data": {
          "vtkClass": "vtkDataArray",
          "name": "nut",
          "numberOfComponents": 1,
          "dataType": "Float32Array",
          "ref": {
            "encode": "LittleEndian",
            "basepath": "../../data",
            "id": "Float32_56825-d78e5fc47316567dc5a6df80d7778023"
          },
          "size": 56825
        }
      },
      {
        "data": {
          "vtkClass": "vtkDataArray",
          "name": "omega",
          "numberOfComponents": 1,
          "dataType": "Float32Array",
          "ref": {
            "encode": "LittleEndian",
            "basepath": "../../data",
            "id": "Float32_56825-9ae32c304f0f520d39d435c20437d27a"
          },
          "size": 56825
        }
      },
      {
        "data": {
          "vtkClass": "vtkDataArray",
          "name": "p",
          "numberOfComponents": 1,
          "dataType": "Float32Array",
          "ref": {
            "encode": "LittleEndian",
            "basepath": "../../data",
            "id": "Float32_56825-8df1aaee34feb124a44a33bc9d46d0a9"
          },
          "size": 56825
        }
      },
      {
        "data": {
          "vtkClass": "vtkDataArray",
          "name": "vtkOriginalPointIds",
          "numberOfComponents": 1,
          "dataType": "Int32Array",
          "ref": {
            "encode": "LittleEndian",
            "basepath": "../../data",
            "id": "Int32_56825-f2b7d853f39546a5ddd78344529a15a8"
          },
          "size": 56825
        }
      },
      {
        "data": {
          "vtkClass": "vtkDataArray",
          "name": "vtkCompositeIndex",
          "numberOfComponents": 1,
          "dataType": "Uint32Array",
          "ref": {
            "encode": "LittleEndian",
            "basepath": "../../data",
            "id": "Uint32_56825-6009ff179e738cc7235f67651f9e6cf7"
          },
          "size": 56825
        }
      }
    ],
    "activeTCoords": -1,
    "activeScalars": 4,
    "activeNormals": -1,
    "activeGlobalIds": -1,
    "activeTensors": -1,
    "activePedigreeIds": -1,
    "activeVectors": 0
  },
  "cellData": {
    "vtkClass": "vtkDataSetAttributes",
    "arrays": [
      {
        "data": {
          "vtkClass": "vtkDataArray",
          "name": "U",
          "numberOfComponents": 3,
          "dataType": "Float32Array",
          "ref": {
            "encode": "LittleEndian",
            "basepath": "../../data",
            "id": "Float32_150363-0d2b059304fdf595f93f42751bec2212"
          },
          "size": 150363
        }
      },
      {
        "data": {
          "vtkClass": "vtkDataArray",
          "name": "k",
          "numberOfComponents": 1,
          "dataType": "Float32Array",
          "ref": {
            "encode": "LittleEndian",
            "basepath": "../../data",
            "id": "Float32_50121-3921fc35a1ea5183531a536622533e71"
          },
          "size": 50121
        }
      },
      {
        "data": {
          "vtkClass": "vtkDataArray",
          "name": "nut",
          "numberOfComponents": 1,
          "dataType": "Float32Array",
          "ref": {
            "encode": "LittleEndian",
            "basepath": "../../data",
            "id": "Float32_50121-89c874749530aa292dd6fc4f67691908"
          },
          "size": 50121
        }
      },
      {
        "data": {
          "vtkClass": "vtkDataArray",
          "name": "omega",
          "numberOfComponents": 1,
          "dataType": "Float32Array",
          "ref": {
            "encode": "LittleEndian",
            "basepath": "../../data",
            "id": "Float32_50121-a7808d44f63b49d7434276cd94b1fc19"
          },
          "size": 50121
        }
      },
      {
        "data": {
          "vtkClass": "vtkDataArray",
          "name": "p",
          "numberOfComponents": 1,
          "dataType": "Float32Array",
          "ref": {
            "encode": "LittleEndian",
            "basepath": "../../data",
            "id": "Float32_50121-9523d8a980f0b440cbdd213334a39723"
          },
          "size": 50121
        }
      },
      {
        "data": {
          "vtkClass": "vtkDataArray",
          "name": "vtkOriginalCellIds",
          "numberOfComponents": 1,
          "dataType": "Int32Array",
          "ref": {
            "encode": "LittleEndian",
            "basepath": "../../data",
            "id": "Int32_50121-cec7ff7e7f1449ce04e19b1769938e97"
          },
          "size": 50121
        }
      },
      {
        "data": {
          "vtkClass": "vtkDataArray",
          "name": "vtkCompositeIndex",
          "numberOfComponents": 1,
          "dataType": "Uint32Array",
          "ref": {
            "encode": "LittleEndian",
            "basepath": "../../data",
            "id": "Uint32_50121-b24e98ecc513e88f0edb368ab5c8efa8"
          },
          "size": 50121
        }
      }
    ],
    "activeTCoords": -1,
    "activeScalars": 4,
    "activeNormals": -1,
    "activeGlobalIds": -1,
    "activeTensors": -1,
    "activePedigreeIds": -1,
    "activeVectors": 0
  }
}