{
  "vtkClass": "vtkPolyData",
  "points": {
    "vtkClass": "vtkPoints",
    "name": "points",
    "numberOfComponents": 3,
    "dataType": "Float32Array",
    "ref": {
      "encode": "LittleEndian",
      "basepath": "../../data",
      "id": "Float32_170475-a096ebf203239019e913bb2958096732"
    },
    "size": 170475
  },
  "polys": {
    "vtkClass": "vtkCellArray",
    "name": "polys",
    "numberOfComponents": 1,
    "dataType": "Int32Array",
    "ref": {
      "encode": "LittleEndian",
      "basepath": "../../data",
      "id": "Int32_264293-0cb8ebdc0d9488c64bde0bc2d240c874"
    },
    "size": 264293
  },
  "pointData": {
    "vtkClass": "vtkDataSetAttributes",
    "arrays": [
      {
        "data": {
          "vtkClass": "vtkDataArray",
          "name": "U",
          "numberOfComponents": 3,
          "dataType": "Float32Array",
          "ref": {
            "encode": "LittleEndian",
            "basepath": "../../data",
            "id": "Float32_170475-dcb4eaa8f1ea523257bd85f6dc47396d"
          },
          "size": 170475
        }
      },
      {
        "data": {
          "vtkClass": "vtkDataArray",
          "name": "k",
          "numberOfComponents": 1,
          "dataType": "Float32Array",
          "ref": {
            "encode": "LittleEndian",
            "basepath": "../../data",
            "id": "Float32_56825-24d61d4e42922b89e55e04467e0c225b"
          },
          "size": 56825
        }
      },
      {
        "data": {
          "vtkClass": "vtkDataArray",
          "name": "nut",
          "numberOfComponents": 1,
          "dataType": "Float32Array",
          "ref": {
            "encode": "LittleEndian",
            "basepath": "../../data",
            "id": "Float32_56825-29611d4f4d4866eccbc813493a3f2778"
          },
          "size": 56825
        }
      },
      {
        "data": {
          "vtkClass": "vtkDataArray",
          "name": "omega",
          "numberOfComponents": 1,
          "dataType": "Float32Array",
          "ref": {
            "encode": "LittleEndian",
            "basepath": "../../data",
            "id": "Float32_56825-e258883a66f7ca02442065da57ed33c7"
          },
          "size": 56825
        }
      },
      {
        "data": {
          "vtkClass": "vtkDataArray",
          "name": "p",
          "numberOfComponents": 1,
          "dataType": "Float32Array",
          "ref": {
            "encode": "LittleEndian",
            "basepath": "../../data",
            "id": "Float32_56825-d9ace231dab990bb2ecdf113079b30f1"
          },
          "size": 56825
        }
      },
      {
        "data": {
          "vtkClass": "vtkDataArray",
          "name": "vtkOriginalPointIds",
          "numberOfComponents": 1,
          "dataType": "Int32Array",
          "ref": {
            "encode": "LittleEndian",
            "basepath": "../../data",
            "id": "Int32_56825-f2b7d853f39546a5ddd78344529a15a8"
          },
          "size": 56825
        }
      },
      {
        "data": {
          "vtkClass": "vtkDataArray",
          "name": "vtkCompositeIndex",
          "numberOfComponents": 1,
          "dataType": "Uint32Array",
          "ref": {
            "encode": "LittleEndian",
            "basepath": "../../data",
            "id": "Uint32_56825-6009ff179e738cc7235f67651f9e6cf7"
          },
          "size": 56825
        }
      }
    ],
    "activeTCoords": -1,
    "activeScalars": 4,
    "activeNormals": -1,
    "activeGlobalIds": -1,
    "activeTensors": -1,
    "activePedigreeIds": -1,
    "activeVectors": 0
  },
  "cellData": {
    "vtkClass": "vtkDataSetAttributes",
    "arrays": [
      {
        "data": {
          "vtkClass": "vtkDataArray",
          "name": "U",
          "numberOfComponents": 3,
          "dataType": "Float32Array",
          "ref": {
            "encode": "LittleEndian",
            "basepath": "../../data",
            "id": "Float32_150363-b4a5de9b57d07c271132faac96e347dc"
          },
          "size": 150363
        }
      },
      {
        "data": {
          "vtkClass": "vtkDataArray",
          "name": "k",
          "numberOfComponents": 1,
          "dataType": "Float32Array",
          "ref": {
            "encode": "LittleEndian",
            "basepath": "../../data",
            "id": "Float32_50121-2276715da2355f340eee6ca2adab4dc6"
          },
          "size": 50121
        }
      },
      {
        "data": {
          "vtkClass": "vtkDataArray",
          "name": "nut",
          "numberOfComponents": 1,
          "dataType": "Float32Array",
          "ref": {
            "encode": "LittleEndian",
            "basepath": "../../data",
            "id": "Float32_50121-a75edae2b9434735a5c82f43f4d77695"
          },
          "size": 50121
        }
      },
      {
        "data": {
          "vtkClass": "vtkDataArray",
          "name": "omega",
          "numberOfComponents": 1,
          "dataType": "Float32Array",
          "ref": {
            "encode": "LittleEndian",
            "basepath": "../../data",
            "id": "Float32_50121-3f0789f272540b61465762c77af2814b"
          },
          "size": 50121
        }
      },
      {
        "data": {
          "vtkClass": "vtkDataArray",
          "name": "p",
          "numberOfComponents": 1,
          "dataType": "Float32Array",
          "ref": {
            "encode": "LittleEndian",
            "basepath": "../../data",
            "id": "Float32_50121-e5a4aca11789a61e2c3cf777b4c3b6f9"
          },
          "size": 50121
        }
      },
      {
        "data": {
          "vtkClass": "vtkDataArray",
          "name": "vtkOriginalCellIds",
          "numberOfComponents": 1,
          "dataType": "Int32Array",
          "ref": {
            "encode": "LittleEndian",
            "basepath": "../../data",
            "id": "Int32_50121-10ca72c4e8c19a7432e33b5435125b85"
          },
          "size": 50121
        }
      },
      {
        "data": {
          "vtkClass": "vtkDataArray",
          "name": "vtkCompositeIndex",
          "numberOfComponents": 1,
          "dataType": "Uint32Array",
          "ref": {
            "encode": "LittleEndian",
            "basepath": "../../data",
            "id": "Uint32_50121-b24e98ecc513e88f0edb368ab5c8efa8"
          },
          "size": 50121
        }
      }
    ],
    "activeTCoords": -1,
    "activeScalars": 4,
    "activeNormals": -1,
    "activeGlobalIds": -1,
    "activeTensors": -1,
    "activePedigreeIds": -1,
    "activeVectors": 0
  }
}