{
  "vtkClass": "vtkPolyData",
  "points": {
    "vtkClass": "vtkPoints",
    "name": "points",
    "numberOfComponents": 3,
    "dataType": "Float32Array",
    "ref": {
      "encode": "LittleEndian",
      "basepath": "../../data",
      "id": "Float32_175308-ef0b25dea25d1f34c5dfefdaeecb81ab"
    },
    "size": 175308
  },
  "polys": {
    "vtkClass": "vtkCellArray",
    "name": "polys",
    "numberOfComponents": 1,
    "dataType": "Int32Array",
    "ref": {
      "encode": "LittleEndian",
      "basepath": "../../data",
      "id": "Int32_274862-1daa9d36dd3d7bc53fa830497cbda6f5"
    },
    "size": 274862
  },
  "pointData": {
    "vtkClass": "vtkDataSetAttributes",
    "arrays": [
      {
        "data": {
          "vtkClass": "vtkDataArray",
          "name": "cellLevel",
          "numberOfComponents": 1,
          "dataType": "Float32Array",
          "ref": {
            "encode": "LittleEndian",
            "basepath": "../../data",
            "id": "Float32_58436-6fa9839ff8561151fe8c8ed60fcfc18f"
          },
          "size": 58436
        }
      },
      {
        "data": {
          "vtkClass": "vtkDataArray",
          "name": "pointLevel",
          "numberOfComponents": 1,
          "dataType": "Float32Array",
          "ref": {
            "encode": "LittleEndian",
            "basepath": "../../data",
            "id": "Float32_58436-8b758fa1b9486e7d19f064f09cf3bc49"
          },
          "size": 58436
        }
      },
      {
        "data": {
          "vtkClass": "vtkDataArray",
          "name": "vtkOriginalPointIds",
          "numberOfComponents": 1,
          "dataType": "Int32Array",
          "ref": {
            "encode": "LittleEndian",
            "basepath": "../../data",
            "id": "Int32_58436-e721f71e47a8e3cf3bbeeebc998cc0f5"
          },
          "size": 58436
        }
      },
      {
        "data": {
          "vtkClass": "vtkDataArray",
          "name": "vtkCompositeIndex",
          "numberOfComponents": 1,
          "dataType": "Uint32Array",
          "ref": {
            "encode": "LittleEndian",
            "basepath": "../../data",
            "id": "Uint32_58436-4be99551b35b051c34c9bd6f8b8a667f"
          },
          "size": 58436
        }
      }
    ],
    "activeTCoords": -1,
    "activeScalars": -1,
    "activeNormals": -1,
    "activeGlobalIds": -1,
    "activeTensors": -1,
    "activePedigreeIds": -1,
    "activeVectors": -1
  },
  "cellData": {
    "vtkClass": "vtkDataSetAttributes",
    "arrays": [
      {
        "data": {
          "vtkClass": "vtkDataArray",
          "name": "cellLevel",
          "numberOfComponents": 1,
          "dataType": "Float32Array",
          "ref": {
            "encode": "LittleEndian",
            "basepath": "../../data",
            "id": "Float32_52570-51cbeec5e7d14d10ea6dd725c2649443"
          },
          "size": 52570
        }
      },
      {
        "data": {
          "vtkClass": "vtkDataArray",
          "name": "vtkOriginalCellIds",
          "numberOfComponents": 1,
          "dataType": "Int32Array",
          "ref": {
            "encode": "LittleEndian",
            "basepath": "../../data",
            "id": "Int32_52570-ecf07e510311ef90d777883a5a5bf4bc"
          },
          "size": 52570
        }
      },
      {
        "data": {
          "vtkClass": "vtkDataArray",
          "name": "vtkCompositeIndex",
          "numberOfComponents": 1,
          "dataType": "Uint32Array",
          "ref": {
            "encode": "LittleEndian",
            "basepath": "../../data",
            "id": "Uint32_52570-13636e554c9d5e39c45875d97735ddac"
          },
          "size": 52570
        }
      }
    ],
    "activeTCoords": -1,
    "activeScalars": -1,
    "activeNormals": -1,
    "activeGlobalIds": -1,
    "activeTensors": -1,
    "activePedigreeIds": -1,
    "activeVectors": -1
  }
}