{
  "vtkClass": "vtkPolyData",
  "points": {
    "vtkClass": "vtkPoints",
    "name": "points",
    "numberOfComponents": 3,
    "dataType": "Float64Array",
    "ref": {
      "encode": "LittleEndian",
      "basepath": "../../data",
      "id": "Float64_184842-f3c4c83dcd40869b7247ca4430c255b8"
    },
    "size": 184842
  },
  "polys": {
    "vtkClass": "vtkCellArray",
    "name": "polys",
    "numberOfComponents": 1,
    "dataType": "Int32Array",
    "ref": {
      "encode": "LittleEndian",
      "basepath": "../../data",
      "id": "Int32_484384-41b5be5ce837fc0e71d08fb3ba60bca8"
    },
    "size": 484384
  },
  "pointData": {
    "vtkClass": "vtkDataSetAttributes",
    "arrays": [
      {
        "data": {
          "vtkClass": "vtkDataArray",
          "name": "Scalars_",
          "numberOfComponents": 1,
          "dataType": "Uint16Array",
          "ref": {
            "encode": "LittleEndian",
            "basepath": "../../data",
            "id": "Uint16_61614-df9eb5cf82206360f00bb1fb4cf0805a"
          },
          "size": 61614
        }
      },
      {
        "data": {
          "vtkClass": "vtkDataArray",
          "name": "Normals",
          "numberOfComponents": 3,
          "dataType": "Float32Array",
          "ref": {
            "encode": "LittleEndian",
            "basepath": "../../data",
            "id": "Float32_184842-e556bb603c3bc24da9bbb37dca921453"
          },
          "size": 184842
        }
      },
      {
        "data": {
          "vtkClass": "vtkDataArray",
          "name": "vtkOriginalPointIds",
          "numberOfComponents": 1,
          "dataType": "Int32Array",
          "ref": {
            "encode": "LittleEndian",
            "basepath": "../../data",
            "id": "Int32_61614-d48e4cfb85727bac4e6184ae4aee0e2a"
          },
          "size": 61614
        }
      }
    ],
    "activeTCoords": -1,
    "activeScalars": 0,
    "activeNormals": 1,
    "activeGlobalIds": -1,
    "activeTensors": -1,
    "activePedigreeIds": -1,
    "activeVectors": -1
  },
  "cellData": {
    "vtkClass": "vtkDataSetAttributes",
    "arrays": [
      {
        "data": {
          "vtkClass": "vtkDataArray",
          "name": "vtkOriginalCellIds",
          "numberOfComponents": 1,
          "dataType": "Int32Array",
          "ref": {
            "encode": "LittleEndian",
            "basepath": "../../data",
            "id": "Int32_121096-7bd8c1e473b22a957638abfbfabc904c"
          },
          "size": 121096
        }
      }
    ],
    "activeTCoords": -1,
    "activeScalars": -1,
    "activeNormals": -1,
    "activeGlobalIds": -1,
    "activeTensors": -1,
    "activePedigreeIds": -1,
    "activeVectors": -1
  }
}