{
  "vtkClass": "vtkPolyData",
  "points": {
    "vtkClass": "vtkPoints",
    "name": "points",
    "numberOfComponents": 3,
    "dataType": "Float32Array",
    "ref": {
      "encode": "LittleEndian",
      "basepath": "../../data",
      "id": "Float32_582741-b79c5937b271a686000d8cd073d0d81c"
    },
    "size": 582741
  },
  "polys": {
    "vtkClass": "vtkCellArray",
    "name": "polys",
    "numberOfComponents": 1,
    "dataType": "Int32Array",
    "ref": {
      "encode": "LittleEndian",
      "basepath": "../../data",
      "id": "Int32_1008900-f84fc9bf6904d1d2a04a09ce20e9a0c0"
    },
    "size": 1008900
  },
  "pointData": {
    "vtkClass": "vtkDataSetAttributes",
    "arrays": [
      {
        "data": {
          "vtkClass": "vtkDataArray",
          "name": "cellLevel",
          "numberOfComponents": 1,
          "dataType": "Float32Array",
          "ref": {
            "encode": "LittleEndian",
            "basepath": "../../data",
            "id": "Float32_194247-a35076b089e27606972f63acfdd87531"
          },
          "size": 194247
        }
      },
      {
        "data": {
          "vtkClass": "vtkDataArray",
          "name": "nSurfaceLayers",
          "numberOfComponents": 1,
          "dataType": "Float32Array",
          "ref": {
            "encode": "LittleEndian",
            "basepath": "../../data",
            "id": "Float32_194247-4ac55e83047753eaa312d7fb273dfe69"
          },
          "size": 194247
        }
      },
      {
        "data": {
          "vtkClass": "vtkDataArray",
          "name": "pointLevel",
          "numberOfComponents": 1,
          "dataType": "Float32Array",
          "ref": {
            "encode": "LittleEndian",
            "basepath": "../../data",
            "id": "Float32_194247-9711577b39c0ee61b2b20ec301d5315c"
          },
          "size": 194247
        }
      },
      {
        "data": {
          "vtkClass": "vtkDataArray",
          "name": "thickness",
          "numberOfComponents": 1,
          "dataType": "Float32Array",
          "ref": {
            "encode": "LittleEndian",
            "basepath": "../../data",
            "id": "Float32_194247-ec1291f689ccc9dbed3306bf67fda8ff"
          },
          "size": 194247
        }
      },
      {
        "data": {
          "vtkClass": "vtkDataArray",
          "name": "thicknessFraction",
          "numberOfComponents": 1,
          "dataType": "Float32Array",
          "ref": {
            "encode": "LittleEndian",
            "basepath": "../../data",
            "id": "Float32_194247-a68edfe7e5d5313a473f5a7ba26308fe"
          },
          "size": 194247
        }
      },
      {
        "data": {
          "vtkClass": "vtkDataArray",
          "name": "vtkOriginalPointIds",
          "numberOfComponents": 1,
          "dataType": "Int32Array",
          "ref": {
            "encode": "LittleEndian",
            "basepath": "../../data",
            "id": "Int32_194247-4ecd6845fb8bd55a78ecb6d6f16962e0"
          },
          "size": 194247
        }
      },
      {
        "data": {
          "vtkClass": "vtkDataArray",
          "name": "vtkCompositeIndex",
          "numberOfComponents": 1,
          "dataType": "Uint32Array",
          "ref": {
            "encode": "LittleEndian",
            "basepath": "../../data",
            "id": "Uint32_194247-84c8ff9e62ec2f40dece5271d19a45eb"
          },
          "size": 194247
        }
      }
    ],
    "activeTCoords": -1,
    "activeScalars": -1,
    "activeNormals": -1,
    "activeGlobalIds": -1,
    "activeTensors": -1,
    "activePedigreeIds": -1,
    "activeVectors": -1
  },
  "cellData": {
    "vtkClass": "vtkDataSetAttributes",
    "arrays": [
      {
        "data": {
          "vtkClass": "vtkDataArray",
          "name": "cellLevel",
          "numberOfComponents": 1,
          "dataType": "Float32Array",
          "ref": {
            "encode": "LittleEndian",
            "basepath": "../../data",
            "id": "Float32_202718-7b32ab8073c93ce78b34144a7c61dc75"
          },
          "size": 202718
        }
      },
      {
        "data": {
          "vtkClass": "vtkDataArray",
          "name": "nSurfaceLayers",
          "numberOfComponents": 1,
          "dataType": "Float32Array",
          "ref": {
            "encode": "LittleEndian",
            "basepath": "../../data",
            "id": "Float32_202718-8a64e266c6963fd64387931261f278be"
          },
          "size": 202718
        }
      },
      {
        "data": {
          "vtkClass": "vtkDataArray",
          "name": "thickness",
          "numberOfComponents": 1,
          "dataType": "Float32Array",
          "ref": {
            "encode": "LittleEndian",
            "basepath": "../../data",
            "id": "Float32_202718-8a64e266c6963fd64387931261f278be"
          },
          "size": 202718
        }
      },
      {
        "data": {
          "vtkClass": "vtkDataArray",
          "name": "thicknessFraction",
          "numberOfComponents": 1,
          "dataType": "Float32Array",
          "ref": {
            "encode": "LittleEndian",
            "basepath": "../../data",
            "id": "Float32_202718-8a64e266c6963fd64387931261f278be"
          },
          "size": 202718
        }
      },
      {
        "data": {
          "vtkClass": "vtkDataArray",
          "name": "vtkOriginalCellIds",
          "numberOfComponents": 1,
          "dataType": "Int32Array",
          "ref": {
            "encode": "LittleEndian",
            "basepath": "../../data",
            "id": "Int32_202718-a396ec28779e5a87f36bb7f45774ff4d"
          },
          "size": 202718
        }
      },
      {
        "data": {
          "vtkClass": "vtkDataArray",
          "name": "vtkCompositeIndex",
          "numberOfComponents": 1,
          "dataType": "Uint32Array",
          "ref": {
            "encode": "LittleEndian",
            "basepath": "../../data",
            "id": "Uint32_202718-d95763a8b17e7330e2e2f2885a34f275"
          },
          "size": 202718
        }
      }
    ],
    "activeTCoords": -1,
    "activeScalars": -1,
    "activeNormals": -1,
    "activeGlobalIds": -1,
    "activeTensors": -1,
    "activePedigreeIds": -1,
    "activeVectors": -1
  }
}